{
  "results": [
    {
      "command": "./bin/yuku_antd",
      "mean": 0.06242304704851062,
      "stddev": 0.0006087094151704945,
      "median": 0.06227794924,
      "user": 0.049659816595744664,
      "system": 0.01273578085106383,
      "min": 0.06183075224,
      "max": 0.06598759724000001,
      "times": [
        0.06260478124,
        0.06230172124,
        0.06221535024,
        0.06218524424,
        0.062215681239999994,
        0.06209008624,
        0.062194271239999994,
        0.062303766239999996,
        0.062242211240000005,
        0.06202306124,
        0.06235707524,
        0.06303070424000001,
        0.06285156924,
        0.06274343624,
        0.06265290824000001,
        0.062101287240000004,
        0.06211877024,
        0.06284168024,
        0.06253903524000001,
        0.06216499724,
        0.06241593024000001,
        0.06183075224,
        0.06229144424,
        0.062382846240000005,
        0.06215927724,
        0.06269858624,
        0.06230436824,
        0.062310990239999996,
        0.06215378724,
        0.061989309240000005,
        0.062071483239999996,
        0.06204745724,
        0.061939797240000004,
        0.06271317324,
        0.06227794924,
        0.06209614924,
        0.062137346239999995,
        0.06598759724000001,
        0.06292063224000001,
        0.062216708239999995,
        0.06218598724,
        0.06201987724,
        0.062309278239999995,
        0.06277842524,
        0.06221643524,
        0.06287557724000001,
        0.06277440824000001
      ],
      "memory_usage_byte": [
        31928320,
        31928320,
        31928320,
        31928320,
        31928320,
        31928320,
        31928320,
        31928320,
        31928320,
        31928320,
        31928320,
        31928320,
        31928320,
        31928320,
        31928320,
        31928320,
        31928320,
        31928320,
        31928320,
        31928320,
        31928320,
        31928320,
        31928320,
        31928320,
        31928320,
        31928320,
        31928320,
        31928320,
        31928320,
        31928320,
        31928320,
        31928320,
        31928320,
        31928320,
        31928320,
        31928320,
        31928320,
        31928320,
        31928320,
        31928320,
        31928320,
        31928320,
        31928320,
        31928320,
        31928320,
        31928320,
        31928320
      ],
      "exit_codes": [
        0,
        0,
        0,
        0,
        0,
        0,
        0,
        0,
        0,
        0,
        0,
        0,
        0,
        0,
        0,
        0,
        0,
        0,
        0,
        0,
        0,
        0,
        0,
        0,
        0,
        0,
        0,
        0,
        0,
        0,
        0,
        0,
        0,
        0,
        0,
        0,
        0,
        0,
        0,
        0,
        0,
        0,
        0,
        0,
        0,
        0,
        0
      ]
    },
    {
      "command": "./bin/oxc_antd",
      "mean": 0.06043412660734694,
      "stddev": 0.001453371834687256,
      "median": 0.06012945724,
      "user": 0.043350437959183655,
      "system": 0.01704940612244898,
      "min": 0.05952809324,
      "max": 0.06884760324000001,
      "times": [
        0.05986715724,
        0.05968277324,
        0.05952809324,
        0.06487276524,
        0.06049317724,
        0.06021499724,
        0.059938911240000003,
        0.06091441624,
        0.06057299724,
        0.060545666240000004,
        0.06044449624,
        0.05976909424,
        0.05967663124,
        0.05969981424,
        0.06048130524,
        0.06011986924,
        0.06056716624,
        0.06017872624,
        0.06083317324,
        0.06000080724,
        0.059818326240000004,
        0.06000635724,
        0.05991384424,
        0.06067055924,
        0.06016508424,
        0.06136606024,
        0.06064494124,
        0.05993697724,
        0.05988626324,
        0.06036409624,
        0.05983642024,
        0.06012945724,
        0.060445107240000004,
        0.06044994124,
        0.06031360024,
        0.05973111924,
        0.05991293024,
        0.059793266240000004,
        0.05965912524,
        0.06053056524,
        0.06048904724,
        0.06010852524,
        0.06884760324000001,
        0.06025774524,
        0.05978189524,
        0.05968508324,
        0.06047351924,
        0.05987493824,
        0.05977776724
      ],
      "memory_usage_byte": [
        42971136,
        42971136,
        42971136,
        42971136,
        42971136,
        42971136,
        42971136,
        42971136,
        42971136,
        42971136,
        42971136,
        42971136,
        42971136,
        42971136,
        42971136,
        42971136,
        42971136,
        42971136,
        42971136,
        42971136,
        42971136,
        42971136,
        42971136,
        42971136,
        42971136,
        42971136,
        42971136,
        42971136,
        42971136,
        42971136,
        42971136,
        42971136,
        42971136,
        42971136,
        42971136,
        42971136,
        42971136,
        42971136,
        42971136,
        42971136,
        42971136,
        42971136,
        42971136,
        42971136,
        42971136,
        42971136,
        42971136,
        42971136,
        42971136
      ],
      "exit_codes": [
        0,
        0,
        0,
        0,
        0,
        0,
        0,
        0,
        0,
        0,
        0,
        0,
        0,
        0,
        0,
        0,
        0,
        0,
        0,
        0,
        0,
        0,
        0,
        0,
        0,
        0,
        0,
        0,
        0,
        0,
        0,
        0,
        0,
        0,
        0,
        0,
        0,
        0,
        0,
        0,
        0,
        0,
        0,
        0,
        0,
        0,
        0,
        0,
        0
      ]
    },
    {
      "command": "./bin/swc_antd",
      "mean": 0.1278810759218182,
      "stddev": 0.005837156141021962,
      "median": 0.12666014473999998,
      "user": 0.09518472181818183,
      "system": 0.032625736363636366,
      "min": 0.12445413924000003,
      "max": 0.15283576224,
      "times": [
        0.12975259924,
        0.12728993323999999,
        0.12445413924000003,
        0.12507347824,
        0.12686654024,
        0.12452729624000002,
        0.12524582924,
        0.12550121724,
        0.12629587324,
        0.12489654724,
        0.15283576224,
        0.12928828024,
        0.12783254824,
        0.12861088424,
        0.12838353824,
        0.12526038624,
        0.12511224024,
        0.12897788024,
        0.12453513024,
        0.12732989824,
        0.12885991924,
        0.12645374924
      ],
      "memory_usage_byte": [
        70602752,
        70602752,
        70602752,
        70602752,
        70602752,
        70602752,
        70602752,
        70602752,
        70602752,
        70602752,
        70602752,
        70602752,
        70602752,
        70602752,
        70602752,
        70602752,
        70602752,
        70602752,
        70602752,
        70602752,
        70602752,
        70602752
      ],
      "exit_codes": [
        0,
        0,
        0,
        0,
        0,
        0,
        0,
        0,
        0,
        0,
        0,
        0,
        0,
        0,
        0,
        0,
        0,
        0,
        0,
        0,
        0,
        0
      ]
    }
  ]
}
