{
  "results": [
    {
      "command": "./bin/yuku_antd",
      "mean": 0.05840919698,
      "stddev": 0.000560472328425933,
      "median": 0.05835716790000001,
      "user": 0.04533015999999999,
      "system": 0.013049219999999997,
      "min": 0.057425917400000005,
      "max": 0.0597341824,
      "times": [
        0.0587383194,
        0.05869656140000001,
        0.0583747204,
        0.0586934054,
        0.0583396154,
        0.0580169534,
        0.058584322400000007,
        0.057629872400000004,
        0.0588319444,
        0.058452446400000004,
        0.058963519400000004,
        0.0579919974,
        0.0587715414,
        0.058640036400000005,
        0.057990395400000005,
        0.058459469400000005,
        0.05825612040000001,
        0.057951231400000004,
        0.059386268400000004,
        0.0597341824,
        0.059133590400000005,
        0.0591063204,
        0.0582771934,
        0.05867687940000001,
        0.05799559840000001,
        0.0597324674,
        0.059728760400000004,
        0.058075478400000005,
        0.05840723540000001,
        0.0578940994,
        0.0584267834,
        0.05778881340000001,
        0.05810695640000001,
        0.0575125484,
        0.05812236540000001,
        0.057891685400000004,
        0.057862390400000005,
        0.0585133134,
        0.0582211794,
        0.057576006400000004,
        0.058235255400000005,
        0.057867188400000005,
        0.05858088040000001,
        0.0587370814,
        0.057425917400000005,
        0.05791637140000001,
        0.0583197234,
        0.0591623734,
        0.0579524884,
        0.05870998140000001
      ],
      "memory_usage_byte": [
        31936512,
        31936512,
        31936512,
        31936512,
        31936512,
        31936512,
        31936512,
        31936512,
        31936512,
        31936512,
        31936512,
        31936512,
        31936512,
        31936512,
        31936512,
        31936512,
        31936512,
        31936512,
        31936512,
        31936512,
        31936512,
        31936512,
        31936512,
        31936512,
        31936512,
        31936512,
        31936512,
        31936512,
        31936512,
        31936512,
        31936512,
        31936512,
        31936512,
        31936512,
        31936512,
        31936512,
        31936512,
        31936512,
        31936512,
        31936512,
        31936512,
        31936512,
        31936512,
        31936512,
        31936512,
        31936512,
        31936512,
        31936512,
        31936512,
        31936512
      ],
      "exit_codes": [
        0,
        0,
        0,
        0,
        0,
        0,
        0,
        0,
        0,
        0,
        0,
        0,
        0,
        0,
        0,
        0,
        0,
        0,
        0,
        0,
        0,
        0,
        0,
        0,
        0,
        0,
        0,
        0,
        0,
        0,
        0,
        0,
        0,
        0,
        0,
        0,
        0,
        0,
        0,
        0,
        0,
        0,
        0,
        0,
        0,
        0,
        0,
        0,
        0,
        0
      ]
    },
    {
      "command": "./bin/oxc_antd",
      "mean": 0.05840468365531915,
      "stddev": 0.0008872525789172093,
      "median": 0.05833790740000001,
      "user": 0.0411044229787234,
      "system": 0.01727302595744681,
      "min": 0.057117742400000004,
      "max": 0.06291802640000001,
      "times": [
        0.06291802640000001,
        0.0587834184,
        0.05776727240000001,
        0.05793669940000001,
        0.058533572400000004,
        0.058140749400000004,
        0.058768108400000005,
        0.0589143114,
        0.058659136400000006,
        0.0587576704,
        0.057792180400000004,
        0.058616807400000005,
        0.057189125400000006,
        0.0582495624,
        0.057915610400000005,
        0.057202930400000004,
        0.0578604974,
        0.0577390304,
        0.057964361400000004,
        0.057586105400000004,
        0.0578882994,
        0.05932013840000001,
        0.05798470940000001,
        0.058775543400000005,
        0.058029301400000004,
        0.058510198400000005,
        0.058775282400000003,
        0.05833790740000001,
        0.0586884614,
        0.057117742400000004,
        0.0587428424,
        0.05842723340000001,
        0.0586369554,
        0.058326626400000005,
        0.0579395034,
        0.05928115540000001,
        0.0577145344,
        0.058733935400000006,
        0.058346823400000004,
        0.057590653400000004,
        0.05896347440000001,
        0.0590419604,
        0.059779274400000006,
        0.0585771734,
        0.057579232400000006,
        0.0583135524,
        0.0583024414
      ],
      "memory_usage_byte": [
        42971136,
        42971136,
        42971136,
        42971136,
        42971136,
        42971136,
        42971136,
        42971136,
        42971136,
        42971136,
        42971136,
        42971136,
        42971136,
        42971136,
        42971136,
        42971136,
        42971136,
        42971136,
        42971136,
        42971136,
        42971136,
        42971136,
        42971136,
        42971136,
        42971136,
        42971136,
        42971136,
        42971136,
        42971136,
        42971136,
        42971136,
        42971136,
        42971136,
        42971136,
        42971136,
        42971136,
        42971136,
        42971136,
        42971136,
        42971136,
        42971136,
        42971136,
        42971136,
        42971136,
        42971136,
        42971136,
        42971136
      ],
      "exit_codes": [
        0,
        0,
        0,
        0,
        0,
        0,
        0,
        0,
        0,
        0,
        0,
        0,
        0,
        0,
        0,
        0,
        0,
        0,
        0,
        0,
        0,
        0,
        0,
        0,
        0,
        0,
        0,
        0,
        0,
        0,
        0,
        0,
        0,
        0,
        0,
        0,
        0,
        0,
        0,
        0,
        0,
        0,
        0,
        0,
        0,
        0,
        0
      ]
    },
    {
      "command": "./bin/swc_antd",
      "mean": 0.12246913898333335,
      "stddev": 0.0011904726021052365,
      "median": 0.12279307390000002,
      "user": 0.091767665,
      "system": 0.030604551666666657,
      "min": 0.12043072340000001,
      "max": 0.12451313540000002,
      "times": [
        0.1229778274,
        0.12130988740000001,
        0.12281744940000001,
        0.1215453774,
        0.12276869840000001,
        0.12356325940000001,
        0.1224828344,
        0.1239127304,
        0.1229009144,
        0.1226679204,
        0.12310893440000001,
        0.12390643440000002,
        0.1221440384,
        0.1205901614,
        0.1206858994,
        0.12451313540000002,
        0.1214189764,
        0.1216832694,
        0.1228467094,
        0.1243985724,
        0.12295095340000001,
        0.1228492934,
        0.12078533540000001,
        0.12043072340000001
      ],
      "memory_usage_byte": [
        70561792,
        70561792,
        70561792,
        70561792,
        70561792,
        70561792,
        70561792,
        70561792,
        70561792,
        70561792,
        70561792,
        70561792,
        70561792,
        70561792,
        70561792,
        70561792,
        70561792,
        70561792,
        70561792,
        70561792,
        70561792,
        70561792,
        70561792,
        70561792
      ],
      "exit_codes": [
        0,
        0,
        0,
        0,
        0,
        0,
        0,
        0,
        0,
        0,
        0,
        0,
        0,
        0,
        0,
        0,
        0,
        0,
        0,
        0,
        0,
        0,
        0,
        0
      ]
    }
  ]
}
