{
  "results": [
    {
      "command": "./bin/yuku_antd",
      "mean": 0.02332628317508772,
      "stddev": 0.0002386159777397427,
      "median": 0.02330727364,
      "user": 0.021020946315789463,
      "system": 0.0018329214035087713,
      "min": 0.02291518964,
      "max": 0.02461189764,
      "times": [
        0.02368527364,
        0.02359427364,
        0.02340893964,
        0.02363627264,
        0.02387227364,
        0.02359193964,
        0.02356298164,
        0.02384377264,
        0.02305127364,
        0.02361731464,
        0.023520814640000002,
        0.02331960664,
        0.023367897640000003,
        0.023441439640000002,
        0.023368273640000003,
        0.023349065640000003,
        0.02378435664,
        0.02341193964,
        0.02330714864,
        0.023511731640000002,
        0.023137231640000002,
        0.02291518964,
        0.023060190640000002,
        0.02314106464,
        0.023032023640000003,
        0.02302406564,
        0.023194773640000003,
        0.02343048164,
        0.02316527264,
        0.02349273164,
        0.02344339864,
        0.022948023640000002,
        0.02310902364,
        0.02311235664,
        0.023176398640000002,
        0.023147065640000002,
        0.02315410664,
        0.023414440640000003,
        0.02334098164,
        0.02306294064,
        0.02321756464,
        0.02329135664,
        0.02295614864,
        0.02308123164,
        0.02325060664,
        0.02341843964,
        0.023232273640000002,
        0.023480481640000002,
        0.023381523640000002,
        0.02330464864,
        0.023150939640000003,
        0.02321602264,
        0.02352306464,
        0.02324856464,
        0.02319485664,
        0.02349298164,
        0.02303014764,
        0.023116064640000003,
        0.02335606464,
        0.02319585664,
        0.023083148640000002,
        0.02313043964,
        0.023397731640000002,
        0.022979814640000002,
        0.022990814640000003,
        0.02324635664,
        0.023538689640000002,
        0.02370589864,
        0.023424314640000003,
        0.02301798164,
        0.023251314640000003,
        0.023259231640000003,
        0.023135939640000002,
        0.023213981640000002,
        0.02337468964,
        0.02324960664,
        0.02308823164,
        0.02344898164,
        0.02349748164,
        0.02337948164,
        0.02330739864,
        0.023192606640000002,
        0.023273106640000003,
        0.02321456564,
        0.02328819064,
        0.02320860664,
        0.02323585664,
        0.023485522640000003,
        0.023697398640000002,
        0.02461189764,
        0.023660981640000002,
        0.02350110664,
        0.02352614864,
        0.023057190640000003,
        0.02345860664,
        0.02334394064,
        0.02336302364,
        0.02355056464,
        0.02359723164,
        0.022993648640000003,
        0.02346652364,
        0.02306431464,
        0.02331502364,
        0.023373981640000003,
        0.023279565640000003,
        0.02337639764,
        0.023336023640000002,
        0.023058522640000002,
        0.02327356464,
        0.02334981464,
        0.023423273640000002,
        0.023241731640000002,
        0.023204147640000002,
        0.023564481640000003
      ],
      "exit_codes": [
        0,
        0,
        0,
        0,
        0,
        0,
        0,
        0,
        0,
        0,
        0,
        0,
        0,
        0,
        0,
        0,
        0,
        0,
        0,
        0,
        0,
        0,
        0,
        0,
        0,
        0,
        0,
        0,
        0,
        0,
        0,
        0,
        0,
        0,
        0,
        0,
        0,
        0,
        0,
        0,
        0,
        0,
        0,
        0,
        0,
        0,
        0,
        0,
        0,
        0,
        0,
        0,
        0,
        0,
        0,
        0,
        0,
        0,
        0,
        0,
        0,
        0,
        0,
        0,
        0,
        0,
        0,
        0,
        0,
        0,
        0,
        0,
        0,
        0,
        0,
        0,
        0,
        0,
        0,
        0,
        0,
        0,
        0,
        0,
        0,
        0,
        0,
        0,
        0,
        0,
        0,
        0,
        0,
        0,
        0,
        0,
        0,
        0,
        0,
        0,
        0,
        0,
        0,
        0,
        0,
        0,
        0,
        0,
        0,
        0,
        0,
        0,
        0,
        0
      ]
    },
    {
      "command": "./bin/oxc_antd",
      "mean": 0.02419320530666668,
      "stddev": 0.0007503580519028654,
      "median": 0.023940043640000002,
      "user": 0.020764674385964906,
      "system": 0.0026782985964912266,
      "min": 0.023240939640000003,
      "max": 0.02793889864,
      "times": [
        0.023624939640000002,
        0.023686648640000002,
        0.02368098164,
        0.024439231640000003,
        0.025901856640000002,
        0.02793889864,
        0.02444202364,
        0.02419435664,
        0.02404268964,
        0.02392048164,
        0.02398352364,
        0.023819148640000003,
        0.023813190640000002,
        0.024048648640000003,
        0.02391243964,
        0.02401010664,
        0.02417827264,
        0.024006648640000003,
        0.023870398640000002,
        0.02399677364,
        0.023860898640000003,
        0.023445023640000003,
        0.02375564864,
        0.02376348164,
        0.023240939640000003,
        0.02375985664,
        0.02363989764,
        0.02351660664,
        0.024017315640000002,
        0.023569940640000002,
        0.023827856640000002,
        0.02389598164,
        0.02398106464,
        0.02343398164,
        0.02344264764,
        0.02383973164,
        0.023991481640000003,
        0.02391556464,
        0.023439856640000003,
        0.02390323164,
        0.02373093964,
        0.02376814864,
        0.02357868964,
        0.023539356640000002,
        0.02360568964,
        0.02387281464,
        0.02423381464,
        0.02382985664,
        0.02356998164,
        0.023648106640000003,
        0.024222981640000002,
        0.02505098164,
        0.02605306464,
        0.025539897640000003,
        0.025451440640000003,
        0.02512631464,
        0.02558044064,
        0.024721439640000002,
        0.02500444064,
        0.025109689640000002,
        0.025128314640000003,
        0.02414173164,
        0.02369135664,
        0.024481939640000002,
        0.025427856640000003,
        0.024653440640000003,
        0.02430377364,
        0.02481614864,
        0.025798856640000003,
        0.025256814640000003,
        0.025395439640000003,
        0.02460593964,
        0.024241481640000003,
        0.024258481640000003,
        0.024108064640000003,
        0.02383048164,
        0.023902939640000002,
        0.02402035664,
        0.024707148640000003,
        0.02505148164,
        0.024158898640000002,
        0.024728689640000003,
        0.02630256564,
        0.02434481464,
        0.02430223164,
        0.024306856640000003,
        0.02465260664,
        0.023996939640000003,
        0.02376643964,
        0.023869856640000003,
        0.02412977364,
        0.024440814640000003,
        0.023884022640000002,
        0.02607435664,
        0.023933522640000003,
        0.02394656464,
        0.02408818964,
        0.023777523640000003,
        0.023832523640000002,
        0.02393318964,
        0.02377069064,
        0.02375360664,
        0.02361085664,
        0.023539856640000002,
        0.023413690640000002,
        0.02339806464,
        0.023544147640000002,
        0.023558272640000003,
        0.023608440640000002,
        0.02370681464,
        0.023864564640000002,
        0.023262856640000003,
        0.023488648640000002,
        0.02422210664
      ],