{
  "results": [
    {
      "command": "./bin/yuku_antd",
      "mean": 0.05918956557877552,
      "stddev": 0.00035667078516711406,
      "median": 0.05914681164,
      "user": 0.04615173265306121,
      "system": 0.013006490612244896,
      "min": 0.05852972464,
      "max": 0.05994695064,
      "times": [
        0.05962856364,
        0.05978523964,
        0.05935769664,
        0.05910264864,
        0.05943792664,
        0.05982718564,
        0.05894781864,
        0.05893648664,
        0.05880011164,
        0.05852972464,
        0.05892580764,
        0.05942514264,
        0.05921254464,
        0.059181366640000004,
        0.05895508264,
        0.05894391164,
        0.058671490640000004,
        0.05865496964,
        0.05938397064,
        0.05886590464,
        0.05928633264,
        0.05970738064,
        0.05970388464,
        0.05956380264,
        0.05925289964,
        0.05927284664,
        0.05885513564,
        0.05881832664,
        0.05925398164,
        0.05924648764,
        0.05928239564,
        0.05914681164,
        0.05903519164,
        0.05879175564,
        0.05880671464,
        0.05914286364,
        0.05880119364,
        0.05895816764,
        0.05893540564,
        0.05870689664,
        0.05899900364,
        0.05953811464,
        0.05967263664,
        0.05910397064,
        0.05901135764,
        0.05994695064,
        0.05950317864,
        0.059586936640000004,
        0.059784495640000004
      ],
      "memory_usage_byte": [
        31932416,
        31932416,
        31932416,
        31932416,
        31932416,
        31932416,
        31932416,
        31932416,
        31932416,
        31932416,
        31932416,
        31932416,
        31932416,
        31932416,
        31932416,
        31932416,
        31932416,
        31932416,
        31932416,
        31932416,
        31932416,
        31932416,
        31932416,
        31932416,
        31932416,
        31932416,
        31932416,
        31932416,
        31932416,
        31932416,
        31932416,
        31932416,
        31932416,
        31932416,
        31932416,
        31932416,
        31932416,
        31932416,
        31932416,
        31932416,
        31932416,
        31932416,
        31932416,
        31932416,
        31932416,
        31932416,
        31932416,
        31932416,
        31932416
      ],
      "exit_codes": [
        0,
        0,
        0,
        0,
        0,
        0,
        0,
        0,
        0,
        0,
        0,
        0,
        0,
        0,
        0,
        0,
        0,
        0,
        0,
        0,
        0,
        0,
        0,
        0,
        0,
        0,
        0,
        0,
        0,
        0,
        0,
        0,
        0,
        0,
        0,
        0,
        0,
        0,
        0,
        0,
        0,
        0,
        0,
        0,
        0,
        0,
        0,
        0,
        0
      ]
    },
    {
      "command": "./bin/oxc_antd",
      "mean": 0.06073836643166667,
      "stddev": 0.0007641316913476019,
      "median": 0.06056806914,
      "user": 0.0436855375,
      "system": 0.017023564166666668,
      "min": 0.06022176564,
      "max": 0.06470876164000001,
      "times": [
        0.06053622264,
        0.06067440464,
        0.06058529764,
        0.06105564864,
        0.06075335564,
        0.06087330364,
        0.061164231640000004,
        0.06060133664,
        0.06057152064,
        0.06043663864,
        0.06049138164,
        0.06030855864,
        0.06046477064,
        0.06038268764,
        0.06035146864,
        0.06038873864,
        0.06027781164,
        0.06039381864,
        0.06022176564,
        0.06470876164000001,
        0.06079899764,
        0.06063813664,
        0.06103259564,
        0.060839563640000004,
        0.06051499564,
        0.06126544164,
        0.06066584764,
        0.06060626664,
        0.06080652164,
        0.060947305640000005,
        0.06024706464,
        0.06056461764,
        0.06061747764,
        0.06059601764,
        0.06045740764,
        0.06053871064,
        0.061202473640000005,
        0.06041251364,
        0.060499536640000004,
        0.06063723464,
        0.060369382640000004,
        0.06025787364,
        0.06053279864,
        0.06349606964000001,
        0.06051805164,
        0.06061045464,
        0.060231633640000004,
        0.06029487364
      ],
      "memory_usage_byte": [
        42971136,
        42971136,
        42971136,
        42971136,
        42971136,
        42971136,
        42971136,
        42971136,
        42971136,
        42971136,
        42971136,
        42971136,
        42971136,
        42971136,
        42971136,
        42971136,
        42971136,
        42971136,
        42971136,
        42971136,
        42971136,
        42971136,
        42971136,
        42971136,
        42971136,
        42971136,
        42971136,
        42971136,
        42971136,
        42971136,
        42971136,
        42971136,
        42971136,
        42971136,
        42971136,
        42971136,
        42971136,
        42971136,
        42971136,
        42971136,
        42971136,
        42971136,
        42971136,
        42971136,
        42971136,
        42971136,
        42971136,
        42971136
      ],
      "exit_codes": [
        0,
        0,
        0,
        0,
        0,
        0,
        0,
        0,
        0,
        0,
        0,
        0,
        0,
        0,
        0,
        0,
        0,
        0,
        0,
        0,
        0,
        0,
        0,
        0,
        0,
        0,
        0,
        0,
        0,
        0,
        0,
        0,
        0,
        0,
        0,
        0,
        0,
        0,
        0,
        0,
        0,
        0,
        0,
        0,
        0,
        0,
        0,
        0
      ]
    },
    {
      "command": "./bin/swc_antd",
      "mean": 0.12671636716173912,
      "stddev": 0.0025413651608605405,
      "median": 0.12706145864,
      "user": 0.09699462173913043,
      "system": 0.02963500347826087,
      "min": 0.12278440764000001,
      "max": 0.13144982064000002,
      "times": [
        0.12706145864,
        0.12303565864000002,
        0.12327548764000001,
        0.12278440764000001,
        0.12298966164000001,
        0.12509715964,
        0.12593233464,
        0.12470238064,
        0.12757056364000002,
        0.12351071864000002,
        0.12565463464,
        0.12867311164,
        0.12707369264,
        0.12920945364,
        0.13144982064000002,
        0.12913401164000002,
        0.13048922164,
        0.12973389564,
        0.12799705264000003,
        0.12627112564,
        0.12693071464000003,
        0.12720268464,
        0.12869719364
      ],
      "memory_usage_byte": [
        70598656,
        70598656,
        70598656,
        70598656,
        70598656,
        70598656,
        70598656,
        70598656,
        70598656,
        70598656,
        70598656,
        70598656,
        70598656,
        70598656,
        70598656,
        70598656,
        70598656,
        70598656,
        70598656,
        70598656,
        70598656,
        70598656,
        70598656
      ],
      "exit_codes": [
        0,
        0,
        0,
        0,
        0,
        0,
        0,
        0,
        0,
        0,
        0,
        0,
        0,
        0,
        0,
        0,
        0,
        0,
        0,
        0,
        0,
        0,
        0
      ]
    }
  ]
}
