{
  "results": [
    {
      "command": "./bin/yuku_antd",
      "mean": 0.022111603075555555,
      "stddev": 0.0034396121830154117,
      "median": 0.02116816402,
      "user": 0.019660704126984115,
      "system": 0.0017079412698412701,
      "min": 0.02040970652,
      "max": 0.04222312252,
      "times": [
        0.02067762252,
        0.02074662252,
        0.020592206520000003,
        0.020662372520000003,
        0.020655288520000002,
        0.020663705520000002,
        0.02496253952,
        0.02180812252,
        0.021162289520000002,
        0.02133570552,
        0.02149224752,
        0.021170580520000003,
        0.020531414520000003,
        0.02067170552,
        0.02057170552,
        0.02045628952,
        0.02049066452,
        0.020438955520000003,
        0.02327733052,
        0.021806497520000002,
        0.021220497520000003,
        0.021227497520000003,
        0.02085849752,
        0.02104820652,
        0.02078516352,
        0.024877163520000002,
        0.021606955520000002,
        0.02109724752,
        0.021070372520000002,
        0.020961830520000002,
        0.02108795552,
        0.02067941452,
        0.020593164520000002,
        0.02043374752,
        0.020545038520000003,
        0.02077953852,
        0.020671956520000003,
        0.020648622520000003,
        0.023145456520000003,
        0.022032914520000002,
        0.021966247520000003,
        0.02122524752,
        0.02093578952,
        0.021504247520000002,
        0.02087241352,
        0.03717266452,
        0.02151737252,
        0.02132912252,
        0.02148703852,
        0.021171247520000002,
        0.02151387252,
        0.02124153952,
        0.02084345552,
        0.02080420552,
        0.023953706520000003,
        0.022062331520000002,
        0.021396330520000003,
        0.021246956520000002,
        0.02116308152,
        0.02104158152,
        0.02081962252,
        0.020472914520000003,
        0.02040970652,
        0.021274164520000003,
        0.023059789520000002,
        0.02296228952,
        0.02134908152,
        0.02134687252,
        0.02120808152,
        0.02135428852,
        0.02119320552,
        0.040847997520000005,
        0.021424747520000002,
        0.02127749752,
        0.02116574752,
        0.02301808052,
        0.02245412252,
        0.020974539520000002,
        0.020979039520000003,
        0.023544872520000003,
        0.021621706520000002,
        0.02090945652,
        0.02080637252,
        0.020938580520000003,
        0.04222312252,
        0.02165524752,
        0.021027914520000003,
        0.021188330520000003,
        0.020954914520000003,
        0.02283937252,
        0.032157081520000005,
        0.021687039520000003,
        0.02110437252,
        0.02172574752,
        0.02121553952,
        0.02093658152,
        0.02069641452,
        0.02112953952,
        0.02078020552,
        0.020644747520000003,
        0.02108378852,
        0.02267266452,
        0.025443414520000002,
        0.021603164520000002,
        0.02172783152,
        0.03140928952,
        0.02209570552,
        0.02144916452,
        0.02111370552,
        0.02132183152,
        0.02085358152,
        0.02078503852,
        0.02066349752,
        0.02063649752,
        0.02293524752,
        0.024994330520000003,
        0.021105622520000002,
        0.021151122520000003,
        0.021396205520000003,
        0.02088820552,
        0.02154958052,
        0.03376724752,
        0.021065164520000002,
        0.02116091452,
        0.02104003952,
        0.020776622520000003
      ],
      "memory_usage_byte": [
        32735232,
        32735232,
        32735232,
        32735232,
        32735232,
        32735232,
        32735232,
        32735232,
        32735232,
        32735232,
        32735232,
        32735232,
        32735232,
        32735232,
        32735232,
        32735232,
        32735232,
        32735232,
        32735232,
        32735232,
        32735232,
        32735232,
        32735232,
        32735232,
        32735232,
        32735232,
        32735232,
        32735232,
        32735232,
        32735232,
        32735232,
        32735232,
        32735232,
        32735232,
        32735232,
        32735232,
        32735232,
        32735232,
        32735232,
        32735232,
        32735232,
        32735232,
        32735232,
        32735232,
        32735232,
        32735232,
        32735232,
        32735232,
        32735232,
        32735232,
        32735232,
        32735232,
        32735232,
        32735232,
        32735232,
        32735232,
        32735232,
        32735232,
        32735232,
        32735232,
        32735232,
        32735232,
        32735232,
        32735232,
        32735232,
        32735232,
        32735232,
        32735232,
        32735232,
        32735232,
        32735232,
        32735232,
        32735232,
        32735232,
        32735232,
        32735232,
        32735232,
        32735232,
        32735232,
        32735232,
        32735232,
        32735232,
        32735232,
        32735232,
        32735232,
        32735232,
        32735232,
        32735232,
        32735232,
        32735232,
        32735232,
        32735232,
        32735232,
        32735232,
        32735232,
        32735232,
        32735232,
        32735232,
        32735232,
        32735232,
        32735232,
        32735232,
        32735232,
        32735232,
        32735232,
        32735232,
        32735232,
        32735232,
        32735232,
        32735232,
        32735232,
        32735232,
        32735232,
        32735232,
        32735232,
        32735232,
        32735232,
        32735232,
        32735232,
        32735232,
        32735232,
        32735232,
        32735232,
        32735232,
        32735232,
        32735232
      ],
      "exit_codes": [
        0,
        0,
        0,
        0,
        0,
        0,
        0,
        0,
        0,
        0,
        0,
        0,
        0,
        0,
        0,
        0,
        0,
        0,
        0,
        0,
        0,
        0,
        0,
        0,
        0,
        0,
        0,
        0,
        0,
        0,
        0,
        0,
        0,
        0,
        0,
        0,
        0,
        0,
        0,
        0,
        0,
        0,
        0,
        0,
        0,
        0,
        0,
        0,
        0,
        0,
        0,
        0,
        0,
        0,
        0,
        0,
        0,
        0,
        0,
        0,
        0,
        0,
        0,
        0,
        0,
        0,
        0,
        0,
        0,
        0,
        0,
        0,
        0,
        0,
        0,
        0,
        0,
        0,
        0,
        0,
        0,
        0,
        0,
        0,
        0,
        0,
        0,
        0,
        0,
        0,
        0,
        0,
        0,
        0,
        0,
        0,
        0,
        0,
        0,
        0,
        0,
        0,
        0,
        0,
        0,
        0,
        0,
        0,
        0,
        0,
        0,
        0,
        0,
        0,
        0,
        0,
        0,
        0,
        0,
        0,
        0,
        0,
        0,
        0,
        0,
        0
      ]
    },
    {
      "command": "./bin/oxc_antd",
      "mean": 0.02369144640659794,
      "stddev": 0.004240584284206912,
      "median": 0.021852247520000003,
      "user": 0.01926114268041236,
      "system": 0.002596213402061855,
      "min": 0.02061241452,
      "max": 0.03827958052,