{
  "results": [
    {
      "command": "./bin/yuku_antd",
      "mean": 0.058741334080000006,
      "stddev": 0.0008318794202047975,
      "median": 0.058624160960000005,
      "user": 0.045724299999999996,
      "system": 0.012989599999999999,
      "min": 0.058140730960000005,
      "max": 0.06408961496,
      "times": [
        0.058617158960000006,
        0.059327257960000004,
        0.058709862960000005,
        0.05906451596000001,
        0.058261352960000005,
        0.058150087960000006,
        0.05827165596,
        0.05856505496,
        0.06408961496,
        0.058259312960000004,
        0.059122999960000006,
        0.05875322796,
        0.05855796196,
        0.05888520396000001,
        0.05838695196,
        0.058271805960000006,
        0.058340925960000005,
        0.05824749096,
        0.058396308960000004,
        0.058283287960000006,
        0.05853246396,
        0.05823111996000001,
        0.05834748796000001,
        0.058709504960000006,
        0.05870832396,
        0.05826035496,
        0.058140730960000005,
        0.05825177896000001,
        0.058357997960000005,
        0.058832544960000004,
        0.05928359996,
        0.05872835096,
        0.05874805696,
        0.05849981296,
        0.058713421960000005,
        0.058598506960000005,
        0.05849709796000001,
        0.05870471696000001,
        0.05877180296000001,
        0.05909591796000001,
        0.059048569960000005,
        0.058809131960000004,
        0.05862780296,
        0.058920219960000006,
        0.058620518960000007,
        0.058549045960000004,
        0.05899746396,
        0.05895504596000001,
        0.059163113960000006,
        0.05880015496
      ],
      "memory_usage_byte": [
        32022528,
        32022528,
        32022528,
        32022528,
        32022528,
        32022528,
        32022528,
        32022528,
        32022528,
        32022528,
        32022528,
        32022528,
        32022528,
        32022528,
        32022528,
        32022528,
        32022528,
        32022528,
        32022528,
        32022528,
        32022528,
        32022528,
        32022528,
        32022528,
        32022528,
        32022528,
        32022528,
        32022528,
        32022528,
        32022528,
        32022528,
        32022528,
        32022528,
        32022528,
        32022528,
        32022528,
        32022528,
        32022528,
        32022528,
        32022528,
        32022528,
        32022528,
        32022528,
        32022528,
        32022528,
        32022528,
        32022528,
        32022528,
        32022528,
        32022528
      ],
      "exit_codes": [
        0,
        0,
        0,
        0,
        0,
        0,
        0,
        0,
        0,
        0,
        0,
        0,
        0,
        0,
        0,
        0,
        0,
        0,
        0,
        0,
        0,
        0,
        0,
        0,
        0,
        0,
        0,
        0,
        0,
        0,
        0,
        0,
        0,
        0,
        0,
        0,
        0,
        0,
        0,
        0,
        0,
        0,
        0,
        0,
        0,
        0,
        0,
        0,
        0,
        0
      ]
    },
    {
      "command": "./bin/oxc_antd",
      "mean": 0.060853622189166685,
      "stddev": 0.00036862540871322036,
      "median": 0.06077776146000001,
      "user": 0.04457635583333333,
      "system": 0.0162471425,
      "min": 0.060091505960000006,
      "max": 0.061683224960000005,
      "times": [
        0.060581633960000006,
        0.060371619960000004,
        0.061334352960000005,
        0.060720993960000004,
        0.060584128960000004,
        0.06029931596,
        0.061501604960000004,
        0.06073500096000001,
        0.06026437996,
        0.060777781960000006,
        0.060091505960000006,
        0.060698542960000004,
        0.060568889960000004,
        0.060912602960000006,
        0.060614143960000005,
        0.06130921596,
        0.060634893960000005,
        0.060730942960000006,
        0.06151878796,
        0.06150009196,
        0.06107102996,
        0.060675168960000005,
        0.06082154196,
        0.060661763960000004,
        0.06084972596,
        0.06142637396,
        0.060681379960000004,
        0.060955622960000004,
        0.06085184896,
        0.06071066596000001,
        0.06049904996,
        0.06126566396000001,
        0.06092485596,
        0.061160045960000006,
        0.06087354996,
        0.06065310796000001,
        0.06096295796000001,
        0.06077774096000001,
        0.06086957296000001,
        0.06064333996000001,
        0.061677213960000005,
        0.061166848960000006,
        0.06040746796,
        0.060544944960000006,
        0.061683224960000005,
        0.06081023196,
        0.06089312696,
        0.06070536496000001
      ],
      "memory_usage_byte": [
        42975232,
        42975232,
        42975232,
        42975232,
        42975232,
        42975232,
        42975232,
        42975232,
        42975232,
        42975232,
        42975232,
        42975232,
        42975232,
        42975232,
        42975232,
        42975232,
        42975232,
        42975232,
        42975232,
        42975232,
        42975232,
        42975232,
        42975232,
        42975232,
        42975232,
        42975232,
        42975232,
        42975232,
        42975232,
        42975232,
        42975232,
        42975232,
        42975232,
        42975232,
        42975232,
        42975232,
        42975232,
        42975232,
        42975232,
        42975232,
        42975232,
        42975232,
        42975232,
        42975232,
        42975232,
        42975232,
        42975232,
        42975232
      ],
      "exit_codes": [
        0,
        0,
        0,
        0,
        0,
        0,
        0,
        0,
        0,
        0,
        0,
        0,
        0,
        0,
        0,
        0,
        0,
        0,
        0,
        0,
        0,
        0,
        0,
        0,
        0,
        0,
        0,
        0,
        0,
        0,
        0,
        0,
        0,
        0,
        0,
        0,
        0,
        0,
        0,
        0,
        0,
        0,
        0,
        0,
        0,
        0,
        0,
        0
      ]
    },
    {
      "command": "./bin/swc_antd",
      "mean": 0.12658478595999997,
      "stddev": 0.0015778686990856586,
      "median": 0.12630608896,
      "user": 0.09491063391304348,
      "system": 0.03160212347826087,
      "min": 0.12460912296000001,
      "max": 0.13047536296,
      "times": [
        0.12460912296000001,
        0.12488073195999999,
        0.12515856096,
        0.12618423096,
        0.12701049796,
        0.12871500796,
        0.12876307796,
        0.12734294996,
        0.13047536296,
        0.12831834496,
        0.12862205396,
        0.12585999296,
        0.12645290296,
        0.12625945196,
        0.12502139496,
        0.12735674496,
        0.12686631796,
        0.12528763296,
        0.12465157296000001,
        0.12674648296,
        0.12589210496,
        0.12466944596000001,
        0.12630608896
      ],
      "memory_usage_byte": [
        70602752,
        70602752,
        70602752,
        70602752,
        70602752,
        70602752,
        70602752,
        70602752,
        70602752,
        70602752,
        70602752,
        70602752,
        70602752,
        70602752,
        70602752,
        70602752,
        70602752,
        70602752,
        70602752,
        70602752,
        70602752,
        70602752,
        70602752
      ],
      "exit_codes": [
        0,
        0,
        0,
        0,
        0,
        0,
        0,
        0,
        0,
        0,
        0,
        0,
        0,
        0,
        0,
        0,
        0,
        0,
        0,
        0,
        0,
        0,
        0
      ]
    }
  ]
}
