{
  "results": [
    {
      "command": "./bin/yuku_antd",
      "mean": 0.023440636259130426,
      "stddev": 0.0008603289331997187,
      "median": 0.02332551132,
      "user": 0.02105004869565217,
      "system": 0.001839475652173912,
      "min": 0.02283463632,
      "max": 0.03179234532,
      "times": [
        0.02344176232,
        0.02331088632,
        0.02326830332,
        0.02350709432,
        0.02375705332,
        0.02342821932,
        0.02353038632,
        0.02359776132,
        0.02357805332,
        0.02340026132,
        0.02323551232,
        0.02360780332,
        0.02371009432,
        0.02350488632,
        0.02354430332,
        0.02384759532,
        0.02337934432,
        0.023522636320000002,
        0.02335947032,
        0.02328909432,
        0.02306742832,
        0.02307088632,
        0.02306384532,
        0.02304397032,
        0.02297872032,
        0.02329251132,
        0.02350780332,
        0.02306609532,
        0.02303209432,
        0.02359330332,
        0.02355605332,
        0.02351238732,
        0.02322476132,
        0.02327505332,
        0.02331338732,
        0.02327505332,
        0.02340405332,
        0.02352105332,
        0.02333097032,
        0.02312646932,
        0.02345242832,
        0.02345051132,
        0.02325051132,
        0.02309122032,
        0.02345192832,
        0.02301496932,
        0.02337776232,
        0.02361742832,
        0.02324342832,
        0.02309072032,
        0.02377884532,
        0.02369505332,
        0.02341463732,
        0.02331609432,
        0.02341113632,
        0.03179234532,
        0.02443676232,
        0.02404067832,
        0.02332551132,
        0.02335363632,
        0.02336042832,
        0.02322872032,
        0.02314909532,
        0.02329967832,
        0.02353701132,
        0.02303051232,
        0.02312142832,
        0.02313742832,
        0.02299634432,
        0.02305267832,
        0.02324059532,
        0.02303784532,
        0.02340859432,
        0.02295772032,
        0.02341267832,
        0.02294263732,
        0.022914344320000002,
        0.02300088632,
        0.02286759532,
        0.02354588632,
        0.02506213632,
        0.02424809432,
        0.02461626132,
        0.02436801132,
        0.02393801132,
        0.02384355332,
        0.02362851232,
        0.02353359532,
        0.023566970320000002,
        0.02341071932,
        0.02334022032,
        0.02339492832,
        0.02335851132,
        0.02332147032,
        0.02315334532,
        0.02335663732,
        0.02338717832,
        0.02325151232,
        0.02318134532,
        0.02320401132,
        0.02306238632,
        0.02302405332,
        0.02336747032,
        0.02323005332,
        0.02309434432,
        0.02310126132,
        0.02313047032,
        0.02283463632,
        0.02317134532,
        0.02292713632,
        0.02316638632,
        0.02312192832,
        0.02302159432,
        0.02314980332,
        0.02318113632
      ],
      "exit_codes": [
        0,
        0,
        0,
        0,
        0,
        0,
        0,
        0,
        0,
        0,
        0,
        0,
        0,
        0,
        0,
        0,
        0,
        0,
        0,
        0,
        0,
        0,
        0,
        0,
        0,
        0,
        0,
        0,
        0,
        0,
        0,
        0,
        0,
        0,
        0,
        0,
        0,
        0,
        0,
        0,
        0,
        0,
        0,
        0,
        0,
        0,
        0,
        0,
        0,
        0,
        0,
        0,
        0,
        0,
        0,
        0,
        0,
        0,
        0,
        0,
        0,
        0,
        0,
        0,
        0,
        0,
        0,
        0,
        0,
        0,
        0,
        0,
        0,
        0,
        0,
        0,
        0,
        0,
        0,
        0,
        0,
        0,
        0,
        0,
        0,
        0,
        0,
        0,
        0,
        0,
        0,
        0,
        0,
        0,
        0,
        0,
        0,
        0,
        0,
        0,
        0,
        0,
        0,
        0,
        0,
        0,
        0,
        0,
        0,
        0,
        0,
        0,
        0,
        0,
        0
      ]
    },
    {
      "command": "./bin/oxc_antd",
      "mean": 0.023821862015652166,
      "stddev": 0.0010863453496882977,
      "median": 0.02361709432,
      "user": 0.020568013913043488,
      "system": 0.002543197391304349,
      "min": 0.02302309532,
      "max": 0.03426476232,
      "times": [
        0.02330713632,
        0.02354667832,
        0.02340076232,
        0.02306142832,
        0.02323026132,
        0.02342805332,
        0.02367638632,
        0.02346946932,
        0.02353101132,
        0.02364938732,
        0.02333971932,
        0.02363047032,
        0.02349442832,
        0.02336822032,
        0.02386421932,
        0.02369876132,
        0.02354005332,
        0.02344009532,
        0.02352126132,
        0.02392317832,
        0.023897386320000002,
        0.02355188632,
        0.02354247032,
        0.02366276232,
        0.02342442832,
        0.02370838632,
        0.023747470320000002,
        0.02369842832,
        0.02355642832,
        0.02359988632,
        0.02365042832,
        0.02358321932,
        0.02358972032,
        0.02356913632,
        0.02357834432,
        0.023629470320000002,
        0.02353417832,
        0.02357338732,
        0.02339655332,
        0.02328655332,
        0.02335546932,
        0.02329730332,
        0.02303726132,
        0.02361109432,
        0.02330380332,
        0.02356913632,
        0.02364105332,
        0.02351267832,
        0.02344126132,
        0.02365813732,
        0.02340447032,
        0.02350572032,
        0.02333463632,
        0.02302309532,
        0.02341113732,
        0.02329076132,
        0.02424742832,
        0.023542720320000002,
        0.02375634432,
        0.02356226132,
        0.02535401132,
        0.02500359532,
        0.02363888732,
        0.02384142832,
        0.02419696932,
        0.02392271932,
        0.023364428320000002,
        0.02377322032,
        0.02367147032,
        0.02366092832,
        0.02359267832,
        0.02361709432,
        0.02363684432,
        0.02479609532,
        0.02529538732,
        0.02578472032,
        0.02416917832,
        0.02360663632,
        0.02393213732,
        0.02358755332,
        0.02383326132,
        0.02348001132,
        0.02389392832,
        0.02360138632,
        0.02375292832,
        0.02369747032,
        0.02353809532,
        0.02369359432,
        0.02373305332,
        0.024105511320000002,
        0.03426476232,
        0.02438380332,
        0.02374013732,
        0.02397776132,
        0.02448209532,
        0.02375463732,
        0.02358359532,
        0.02417184532,
        0.02418913732,
        0.02368288632,
        0.02374201132,
        0.02408451132,
        0.02363442832,
        0.02375176232,
        0.02376209432,
        0.02353751232,
        0.02345480332,
        0.02420088632,
        0.02341430332,
        0.023517053320000002,
        0.02339405332,
        0.02361097032,
        0.02372488732,
        0.02488480332,
        0.02538688732
      ],