{
  "results": [
    {
      "command": "./bin/yuku_antd",
      "mean": 0.06059763846583333,
      "stddev": 0.0003699100598943785,
      "median": 0.06053417532000001,
      "user": 0.04732061083333333,
      "system": 0.013218264166666667,
      "min": 0.06010332932,
      "max": 0.06267620932,
      "times": [
        0.06144970132,
        0.060625299320000006,
        0.060516597320000004,
        0.06053988132,
        0.06267620932,
        0.06088234932,
        0.060540220320000004,
        0.06039219632,
        0.060607727320000006,
        0.06056436632000001,
        0.06035827332,
        0.060368552320000005,
        0.06037183832,
        0.060253939320000005,
        0.060370475320000005,
        0.06041168232000001,
        0.060300185320000005,
        0.06078505632,
        0.06052927132,
        0.060611603320000006,
        0.06081448032,
        0.06078954432000001,
        0.06039761632000001,
        0.06053249732,
        0.060535853320000006,
        0.06063746232,
        0.060488095320000004,
        0.060671956320000005,
        0.06055807432,
        0.06049525732,
        0.06043142832,
        0.06052634532,
        0.060701641320000006,
        0.06042134032,
        0.060614449320000006,
        0.060613488320000006,
        0.06048528932,
        0.06086171932000001,
        0.06046541232,
        0.06041807432,
        0.06010332932,
        0.060496490320000006,
        0.06036106832,
        0.060738109320000004,
        0.06044267032,
        0.060556341320000005,
        0.06075938832,
        0.06061379832
      ],
      "memory_usage_byte": [
        31928320,
        31928320,
        31928320,
        31928320,
        31928320,
        31928320,
        31928320,
        31928320,
        31928320,
        31928320,
        31928320,
        31928320,
        31928320,
        31928320,
        31928320,
        31928320,
        31928320,
        31928320,
        31928320,
        31928320,
        31928320,
        31928320,
        31928320,
        31928320,
        31928320,
        31928320,
        31928320,
        31928320,
        31928320,
        31928320,
        31928320,
        31928320,
        31928320,
        31928320,
        31928320,
        31928320,
        31928320,
        31928320,
        31928320,
        31928320,
        31928320,
        31928320,
        31928320,
        31928320,
        31928320,
        31928320,
        31928320,
        31928320
      ],
      "exit_codes": [
        0,
        0,
        0,
        0,
        0,
        0,
        0,
        0,
        0,
        0,
        0,
        0,
        0,
        0,
        0,
        0,
        0,
        0,
        0,
        0,
        0,
        0,
        0,
        0,
        0,
        0,
        0,
        0,
        0,
        0,
        0,
        0,
        0,
        0,
        0,
        0,
        0,
        0,
        0,
        0,
        0,
        0,
        0,
        0,
        0,
        0,
        0,
        0
      ]
    },
    {
      "command": "./bin/oxc_antd",
      "mean": 0.0570872638776923,
      "stddev": 0.000398747748500788,
      "median": 0.05707845282,
      "user": 0.03929532076923077,
      "system": 0.017753256153846157,
      "min": 0.056335506320000006,
      "max": 0.05797781232,
      "times": [
        0.056823023320000006,
        0.05762548532,
        0.05794399732,
        0.05764572232,
        0.057285152320000005,
        0.05710825332,
        0.05708420832,
        0.057494180320000005,
        0.057001153320000005,
        0.057422558320000004,
        0.057421105320000006,
        0.057070403320000004,
        0.057423809320000005,
        0.05713883132000001,
        0.057363627320000006,
        0.05700105432,
        0.05725529632,
        0.05725727932000001,
        0.056777347320000005,
        0.05677299032,
        0.056530710320000004,
        0.05665237632,
        0.056552130320000005,
        0.05666100232,
        0.05636972132,
        0.05664580432000001,
        0.05715097232000001,
        0.05688313532000001,
        0.05684362132,
        0.056335506320000006,
        0.057436373320000005,
        0.05676860132,
        0.05681090132,
        0.05742984032,
        0.05736102232,
        0.05660424632,
        0.056879407320000006,
        0.057143528320000005,
        0.056746180320000006,
        0.05676079732,
        0.056588938320000004,
        0.057032001320000004,
        0.056782978320000004,
        0.05797781232,
        0.057966177320000006,
        0.057072697320000004,
        0.057548281320000005,
        0.05732656532,
        0.05752574932000001,
        0.05725934432,
        0.056826099320000004,
        0.05714972032000001
      ],
      "memory_usage_byte": [
        42971136,
        42971136,
        42971136,
        42971136,
        42971136,
        42971136,
        42971136,
        42971136,
        42971136,
        42971136,
        42971136,
        42971136,
        42971136,
        42971136,
        42971136,
        42971136,
        42971136,
        42971136,
        42971136,
        42971136,
        42971136,
        42971136,
        42971136,
        42971136,
        42971136,
        42971136,
        42971136,
        42971136,
        42971136,
        42971136,
        42971136,
        42971136,
        42971136,
        42971136,
        42971136,
        42971136,
        42971136,
        42971136,
        42971136,
        42971136,
        42971136,
        42971136,
        42971136,
        42971136,
        42971136,
        42971136,
        42971136,
        42971136,
        42971136,
        42971136,
        42971136,
        42971136
      ],
      "exit_codes": [
        0,
        0,
        0,
        0,
        0,
        0,
        0,
        0,
        0,
        0,
        0,
        0,
        0,
        0,
        0,
        0,
        0,
        0,
        0,
        0,
        0,
        0,
        0,
        0,
        0,
        0,
        0,
        0,
        0,
        0,
        0,
        0,
        0,
        0,
        0,
        0,
        0,
        0,
        0,
        0,
        0,
        0,
        0,
        0,
        0,
        0,
        0,
        0,
        0,
        0,
        0,
        0
      ]
    },
    {
      "command": "./bin/swc_antd",
      "mean": 0.12169260794500004,
      "stddev": 0.0010682915919721647,
      "median": 0.12144757782,
      "user": 0.09056521499999999,
      "system": 0.031057868333333325,
      "min": 0.12010397132,
      "max": 0.12511883932,
      "times": [
        0.12310237232,
        0.12190032832,
        0.12093340232,
        0.12055296532,
        0.12235719832,
        0.12259076932,
        0.12149074732,
        0.12146921832,
        0.12130167632,
        0.12061310732,
        0.12133329532,
        0.12511883932,
        0.12053137732,
        0.12100102832,
        0.12119154232,
        0.12134125932,
        0.12241443432,
        0.12293266732,
        0.12179408232,
        0.12188404832000001,
        0.12010397132,
        0.12229181632,
        0.12142593732,
        0.12094650632
      ],
      "memory_usage_byte": [
        70635520,
        70635520,
        70635520,
        70635520,
        70635520,
        70635520,
        70635520,
        70635520,
        70635520,
        70635520,
        70635520,
        70635520,
        70635520,
        70635520,
        70635520,
        70635520,
        70635520,
        70635520,
        70635520,
        70635520,
        70635520,
        70635520,
        70635520,
        70635520
      ],
      "exit_codes": [
        0,
        0,
        0,
        0,
        0,
        0,
        0,
        0,
        0,
        0,
        0,
        0,
        0,
        0,
        0,
        0,
        0,
        0,
        0,
        0,
        0,
        0,
        0,
        0
      ]
    }
  ]
}
