{
  "results": [
    {
      "command": "./bin/yuku_antd",
      "mean": 0.058163402483137255,
      "stddev": 0.0015209169613215228,
      "median": 0.05783820464,
      "user": 0.04513249529411765,
      "system": 0.013003866666666666,
      "min": 0.05732977664000001,
      "max": 0.06821437664,
      "times": [
        0.05763139964,
        0.05732977664000001,
        0.05736386964000001,
        0.05755264364,
        0.057647809640000006,
        0.05783820464,
        0.057429001640000005,
        0.057492250640000006,
        0.05782576164,
        0.057593549640000005,
        0.05958620864,
        0.059178926640000004,
        0.05812049164000001,
        0.06821437664,
        0.05922563464000001,
        0.05824218864,
        0.05803270764,
        0.05776784364000001,
        0.05776348664,
        0.05872924764000001,
        0.05852921564000001,
        0.05844211264,
        0.05823343264,
        0.05820815564000001,
        0.05797167464,
        0.05777282364,
        0.05792056864,
        0.057853173640000005,
        0.05784636064,
        0.05850967864000001,
        0.05803910964,
        0.05780543364,
        0.05770398564000001,
        0.05749584664,
        0.05887579164000001,
        0.05782774664000001,
        0.057584902640000005,
        0.05771151964,
        0.05790912764,
        0.05751885964,
        0.05874695164,
        0.05804088364,
        0.05759114464000001,
        0.05755301364,
        0.05742380264000001,
        0.05743450264000001,
        0.057553553640000005,
        0.05785901464,
        0.05802724764,
        0.057814391640000004,
        0.057964120640000005
      ],
      "memory_usage_byte": [
        31936512,
        31936512,
        31936512,
        31936512,
        31936512,
        31936512,
        31936512,
        31936512,
        31936512,
        31936512,
        31936512,
        31936512,
        31936512,
        31936512,
        31936512,
        31936512,
        31936512,
        31936512,
        31936512,
        31936512,
        31936512,
        31936512,
        31936512,
        31936512,
        31936512,
        31936512,
        31936512,
        31936512,
        31936512,
        31936512,
        31936512,
        31936512,
        31936512,
        31936512,
        31936512,
        31936512,
        31936512,
        31936512,
        31936512,
        31936512,
        31936512,
        31936512,
        31936512,
        31936512,
        31936512,
        31936512,
        31936512,
        31936512,
        31936512,
        31936512,
        31936512
      ],
      "exit_codes": [
        0,
        0,
        0,
        0,
        0,
        0,
        0,
        0,
        0,
        0,
        0,
        0,
        0,
        0,
        0,
        0,
        0,
        0,
        0,
        0,
        0,
        0,
        0,
        0,
        0,
        0,
        0,
        0,
        0,
        0,
        0,
        0,
        0,
        0,
        0,
        0,
        0,
        0,
        0,
        0,
        0,
        0,
        0,
        0,
        0,
        0,
        0,
        0,
        0,
        0,
        0
      ]
    },
    {
      "command": "./bin/oxc_antd",
      "mean": 0.05800119965960785,
      "stddev": 0.0005522450982424561,
      "median": 0.05787908164000001,
      "user": 0.040671083529411754,
      "system": 0.01729078823529412,
      "min": 0.05721179564000001,
      "max": 0.05982490264000001,
      "times": [
        0.05772857964,
        0.05794122764000001,
        0.057760680640000006,
        0.057975671640000004,
        0.05882829264,
        0.05834889764000001,
        0.05792235164000001,
        0.05776728264,
        0.057869362640000005,
        0.05852917164,
        0.058876271640000005,
        0.05801481464000001,
        0.05825427164000001,
        0.05782329664000001,
        0.05813652164000001,
        0.05803113564000001,
        0.05982490264000001,
        0.05793183964000001,
        0.05765890064000001,
        0.05749418264,
        0.05763605864,
        0.05750096564,
        0.057416637640000004,
        0.05781556364,
        0.05788269764000001,
        0.05826883864,
        0.05775866664,
        0.05787796964,
        0.05894382864,
        0.05774842764,
        0.05787908164000001,
        0.05763593664000001,
        0.05860751064,
        0.057922461640000006,
        0.05798837464000001,
        0.05778856164,
        0.05756556664000001,
        0.05730527964,
        0.05875334264,
        0.05824460364,
        0.059719265640000005,
        0.057909938640000005,
        0.05763271164,
        0.05787814964,
        0.05721179564000001,
        0.05746146164,
        0.057443267640000004,
        0.057369440640000005,
        0.05737728464,
        0.05870236764,
        0.05809746964000001
      ],
      "memory_usage_byte": [
        42971136,
        42971136,
        42971136,
        42971136,
        42971136,
        42971136,
        42971136,
        42971136,
        42971136,
        42971136,
        42971136,
        42971136,
        42971136,
        42971136,
        42971136,
        42971136,
        42971136,
        42971136,
        42971136,
        42971136,
        42971136,
        42971136,
        42971136,
        42971136,
        42971136,
        42971136,
        42971136,
        42971136,
        42971136,
        42971136,
        42971136,
        42971136,
        42971136,
        42971136,
        42971136,
        42971136,
        42971136,
        42971136,
        42971136,
        42971136,
        42971136,
        42971136,
        42971136,
        42971136,
        42971136,
        42971136,
        42971136,
        42971136,
        42971136,
        42971136,
        42971136
      ],
      "exit_codes": [
        0,
        0,
        0,
        0,
        0,
        0,
        0,
        0,
        0,
        0,
        0,
        0,
        0,
        0,
        0,
        0,
        0,
        0,
        0,
        0,
        0,
        0,
        0,
        0,
        0,
        0,
        0,
        0,
        0,
        0,
        0,
        0,
        0,
        0,
        0,
        0,
        0,
        0,
        0,
        0,
        0,
        0,
        0,
        0,
        0,
        0,
        0,
        0,
        0,
        0,
        0
      ]
    },
    {
      "command": "./bin/swc_antd",
      "mean": 0.12034725259833334,
      "stddev": 0.0014218790231572008,
      "median": 0.12001567114,
      "user": 0.08964092666666663,
      "system": 0.030633658333333338,
      "min": 0.11878795064000001,
      "max": 0.12450658964000001,
      "times": [
        0.11975760664000001,
        0.11878795064000001,
        0.11906687464000001,
        0.11883402764,
        0.11966633564000001,
        0.12072124164,
        0.12195820764000001,
        0.12189392664000001,
        0.12054097464,
        0.11911929264000001,
        0.12181389764000002,
        0.11894151964,
        0.11947162164000001,
        0.12028955364,
        0.12450658964000001,
        0.11999066464000001,
        0.12008738464000002,
        0.11905906864000002,
        0.11931315464000002,
        0.12004067764000001,
        0.11979411564000002,
        0.12089127964000002,
        0.12290735564000001,
        0.12088074064000001
      ],
      "memory_usage_byte": [
        70586368,
        70586368,
        70586368,
        70586368,
        70586368,
        70586368,
        70586368,
        70586368,
        70586368,
        70586368,
        70586368,
        70586368,
        70586368,
        70586368,
        70602752,
        70602752,
        70602752,
        70602752,
        70602752,
        70602752,
        70602752,
        70602752,
        70602752,
        70602752
      ],