{
  "results": [
    {
      "command": "./bin/yuku_antd",
      "mean": 0.05987603749836735,
      "stddev": 0.0014808627751875883,
      "median": 0.05957624058,
      "user": 0.04684749183673471,
      "system": 0.012988988163265307,
      "min": 0.05913444458,
      "max": 0.06974252658,
      "times": [
        0.05957624058,
        0.06006707758,
        0.059721271580000006,
        0.05977658458,
        0.059901798580000006,
        0.059837598580000005,
        0.060155532580000004,
        0.060076866580000006,
        0.060018927580000006,
        0.06015584158,
        0.05997971458,
        0.059890657580000006,
        0.059577633580000004,
        0.05930246858,
        0.060487002580000004,
        0.05979390658,
        0.059826999580000005,
        0.05937608658,
        0.06011356458,
        0.06045071458,
        0.059964417580000005,
        0.05956546058,
        0.05950115058,
        0.05993345858,
        0.05944476558,
        0.05941711258,
        0.059452949580000004,
        0.05941990758,
        0.059300024580000006,
        0.059150955580000004,
        0.059489568580000006,
        0.05956101158,
        0.05949968758,
        0.05946662558,
        0.06022922958,
        0.05995646058,
        0.05949981658,
        0.05929368158,
        0.059306987580000005,
        0.05928057758,
        0.059338636580000007,
        0.05929821058,
        0.05960629658,
        0.05937975358,
        0.059251273580000006,
        0.05923667558,
        0.05913444458,
        0.06974252658,
        0.060117681580000006
      ],
      "memory_usage_byte": [
        31940608,
        31940608,
        31940608,
        31940608,
        31940608,
        31940608,
        31940608,
        31940608,
        31940608,
        31940608,
        31940608,
        31940608,
        31940608,
        31940608,
        31940608,
        31940608,
        31940608,
        31940608,
        31940608,
        31940608,
        31940608,
        31940608,
        31940608,
        31940608,
        31940608,
        31940608,
        31940608,
        31940608,
        31940608,
        31940608,
        31940608,
        31940608,
        31940608,
        31940608,
        31940608,
        31940608,
        31940608,
        31940608,
        31940608,
        31940608,
        31940608,
        31940608,
        31940608,
        31940608,
        31940608,
        31940608,
        31940608,
        31940608,
        31940608
      ],
      "exit_codes": [
        0,
        0,
        0,
        0,
        0,
        0,
        0,
        0,
        0,
        0,
        0,
        0,
        0,
        0,
        0,
        0,
        0,
        0,
        0,
        0,
        0,
        0,
        0,
        0,
        0,
        0,
        0,
        0,
        0,
        0,
        0,
        0,
        0,
        0,
        0,
        0,
        0,
        0,
        0,
        0,
        0,
        0,
        0,
        0,
        0,
        0,
        0,
        0,
        0
      ]
    },
    {
      "command": "./bin/oxc_antd",
      "mean": 0.06107878297583333,
      "stddev": 0.0011485814106507103,
      "median": 0.06058595808,
      "user": 0.043508129166666666,
      "system": 0.017497809166666663,
      "min": 0.05961488258,
      "max": 0.06360109258,
      "times": [
        0.06098561258,
        0.06254830158000001,
        0.062202054580000006,
        0.060229550580000006,
        0.06260793258000001,
        0.06047954758,
        0.06216717958,
        0.06240981258000001,
        0.06098557258,
        0.06309396958,
        0.06246287158,
        0.06049738058,
        0.06255719258,
        0.060384411580000005,
        0.061179935580000004,
        0.06028550658,
        0.06016600358,
        0.06072875558,
        0.06038312858,
        0.060098306580000004,
        0.06053011358,
        0.06058344358,
        0.060188846580000004,
        0.05978798658,
        0.060070854580000006,
        0.059799699580000004,
        0.05968335158,
        0.059740337580000004,
        0.05961488258,
        0.06010262458000001,
        0.060060496580000004,
        0.05969016458,
        0.06344430158000001,
        0.06056846558,
        0.061714356580000004,
        0.06249139858,
        0.06205898058,
        0.06064277458,
        0.06261958758000001,
        0.06046457158,
        0.06221467158,
        0.06280413058,
        0.06039840758,
        0.06360109258,
        0.061013524580000006,
        0.060588472580000004,
        0.060851876580000006,
        0.059999141580000005
      ],
      "memory_usage_byte": [
        42971136,
        42971136,
        42971136,
        42971136,
        42971136,
        42971136,
        42971136,
        42971136,
        42971136,
        42971136,
        42971136,
        42971136,
        42971136,
        42971136,
        42971136,
        42971136,
        42971136,
        42971136,
        42971136,
        42971136,
        42971136,
        42971136,
        42971136,
        42971136,
        42971136,
        42971136,
        42971136,
        42971136,
        42971136,
        42971136,
        42971136,
        42971136,
        42971136,
        42971136,
        42971136,
        42971136,
        42971136,
        42971136,
        42971136,
        42971136,
        42971136,
        42971136,
        42971136,
        42971136,
        42971136,
        42971136,
        42971136,
        42971136
      ],
      "exit_codes": [
        0,
        0,
        0,
        0,
        0,
        0,
        0,
        0,
        0,
        0,
        0,
        0,
        0,
        0,
        0,
        0,
        0,
        0,
        0,
        0,
        0,
        0,
        0,
        0,
        0,
        0,
        0,
        0,
        0,
        0,
        0,
        0,
        0,
        0,
        0,
        0,
        0,
        0,
        0,
        0,
        0,
        0,
        0,
        0,
        0,
        0,
        0,
        0
      ]
    },
    {
      "command": "./bin/swc_antd",
      "mean": 0.12780661705826088,
      "stddev": 0.001663464510934682,
      "median": 0.12761134558,
      "user": 0.09692037826086958,
      "system": 0.030818884347826092,
      "min": 0.12429899758,
      "max": 0.13126124258,
      "times": [
        0.12827616758,
        0.12830843758,
        0.12996145558,
        0.12687295558,
        0.12593658658,
        0.12672626258,
        0.12761134558,
        0.12704729158,
        0.12429899758,
        0.12570031558,
        0.12646325058,
        0.12678905858,
        0.12946282458,
        0.12682804158,
        0.12817131258,
        0.12743955458,
        0.12687415858,
        0.12805268958,
        0.13126124258,
        0.12966338858,
        0.12952374758,
        0.13041380058,
        0.12786930658
      ],
      "memory_usage_byte": [
        70606848,
        70606848,
        70606848,
        70606848,
        70606848,
        70606848,
        70606848,
        70606848,
        70606848,
        70606848,
        70606848,
        70606848,
        70606848,
        70606848,
        70606848,
        70606848,
        70606848,
        70606848,
        70606848,
        70606848,
        70606848,
        70606848,
        70606848
      ],
      "exit_codes": [
        0,
        0,
        0,
        0,
        0,
        0,
        0,
        0,
        0,
        0,
        0,
        0,
        0,
        0,
        0,
        0,
        0,
        0,
        0,
        0,
        0,
        0,
        0
      ]
    }
  ]
}
