{
  "results": [
    {
      "command": "./bin/yuku_antd",
      "mean": 0.06076005629916665,
      "stddev": 0.0004723494126228467,
      "median": 0.06067179082,
      "user": 0.04411048083333332,
      "system": 0.0165852475,
      "min": 0.06000852282000001,
      "max": 0.06246855682,
      "times": [
        0.06062331882000001,
        0.06000852282000001,
        0.06116254082000001,
        0.061456062820000004,
        0.060657309820000005,
        0.06199013682000001,
        0.060626432820000006,
        0.06073935282000001,
        0.06076828682,
        0.06246855682,
        0.06055691882000001,
        0.06063883182,
        0.06099187382000001,
        0.060635586820000004,
        0.06106830482,
        0.060496093820000006,
        0.06102066382000001,
        0.061622439820000006,
        0.06104463982,
        0.06040654882,
        0.06029538082000001,
        0.06055429082,
        0.06006481382000001,
        0.060411986820000006,
        0.060574151820000005,
        0.06059074582000001,
        0.06076590082,
        0.060988294820000004,
        0.060315782820000004,
        0.061170569820000006,
        0.06078564082000001,
        0.060665519820000006,
        0.06071595482000001,
        0.06033076482000001,
        0.06040308382000001,
        0.060678061820000004,
        0.061578343820000006,
        0.06008942182,
        0.060211044820000004,
        0.06044955382000001,
        0.060824928820000006,
        0.06030097982,
        0.060734152820000005,
        0.06070633082000001,
        0.06090839482,
        0.060614281820000004,
        0.060926832820000006,
        0.06084506882000001
      ],
      "memory_usage_byte": [
        31936512,
        31936512,
        31936512,
        31936512,
        31936512,
        31936512,
        31936512,
        31936512,
        31936512,
        31936512,
        31936512,
        31936512,
        31936512,
        31936512,
        31936512,
        31936512,
        31936512,
        31936512,
        31936512,
        31936512,
        31936512,
        31936512,
        31936512,
        31936512,
        31936512,
        31936512,
        31936512,
        31936512,
        31936512,
        31936512,
        31936512,
        31936512,
        31936512,
        31936512,
        31936512,
        31936512,
        31936512,
        31936512,
        31936512,
        31936512,
        31936512,
        31936512,
        31936512,
        31936512,
        31936512,
        31936512,
        31936512,
        31936512
      ],
      "exit_codes": [
        0,
        0,
        0,
        0,
        0,
        0,
        0,
        0,
        0,
        0,
        0,
        0,
        0,
        0,
        0,
        0,
        0,
        0,
        0,
        0,
        0,
        0,
        0,
        0,
        0,
        0,
        0,
        0,
        0,
        0,
        0,
        0,
        0,
        0,
        0,
        0,
        0,
        0,
        0,
        0,
        0,
        0,
        0,
        0,
        0,
        0,
        0,
        0
      ]
    },
    {
      "command": "./bin/oxc_antd",
      "mean": 0.06673894695636363,
      "stddev": 0.0009781764001290467,
      "median": 0.06679285182,
      "user": 0.044169369090909086,
      "system": 0.02250087818181818,
      "min": 0.06491971582,
      "max": 0.06855335782,
      "times": [
        0.06701362882,
        0.06774442982,
        0.06585453382,
        0.06753612582,
        0.06702982382,
        0.06667643082,
        0.06732409682,
        0.06761315282,
        0.06569002582,
        0.06605742882,
        0.06638049582,
        0.06579047782,
        0.06653067182,
        0.06732298482,
        0.06582514982,
        0.06642874882,
        0.06778540182,
        0.06704345382,
        0.06650569482,
        0.06764662282,
        0.06849811482,
        0.06604562082,
        0.06774088382,
        0.06761871981999999,
        0.06741664582,
        0.06790781582,
        0.06798443182,
        0.06676193982,
        0.06682376381999999,
        0.06855335782,
        0.06607984282,
        0.06744495882,
        0.06752734282,
        0.06722863781999999,
        0.06625065982,
        0.06614073382,
        0.06579992082,
        0.06562029082,
        0.06534698981999999,
        0.06782961782,
        0.06508169882,
        0.06491971582,
        0.06508459382,
        0.06500798882
      ],
      "memory_usage_byte": [
        42971136,
        42971136,
        42971136,
        42971136,
        42971136,
        42971136,
        42971136,
        42971136,
        42971136,
        42971136,
        42971136,
        42971136,
        42971136,
        42971136,
        42971136,
        42971136,
        42971136,
        42971136,
        42971136,
        42971136,
        42971136,
        42971136,
        42971136,
        42971136,
        42971136,
        42971136,
        42971136,
        42971136,
        42971136,
        42971136,
        42971136,
        42971136,
        42971136,
        42971136,
        42971136,
        42971136,
        42971136,
        42971136,
        42971136,
        42971136,
        42971136,
        42971136,
        42971136,
        42971136
      ],
      "exit_codes": [
        0,
        0,
        0,
        0,
        0,
        0,
        0,
        0,
        0,
        0,
        0,
        0,
        0,
        0,
        0,
        0,
        0,
        0,
        0,
        0,
        0,
        0,
        0,
        0,
        0,
        0,
        0,
        0,
        0,
        0,
        0,
        0,
        0,
        0,
        0,
        0,
        0,
        0,
        0,
        0,
        0,
        0,
        0,
        0
      ]
    },
    {
      "command": "./bin/swc_antd",
      "mean": 0.14421707148666668,
      "stddev": 0.012395579167047944,
      "median": 0.13909099382,
      "user": 0.10326867428571425,
      "system": 0.04083848857142858,
      "min": 0.13821062782000001,
      "max": 0.18228585882,
      "times": [
        0.13866599282000003,
        0.13899154382,
        0.13846786482,
        0.13909099382,
        0.13960652982000002,
        0.13967422182000003,
        0.13912500482,
        0.18228585882,
        0.17765164882,
        0.14904317282000001,
        0.15051731282000003,
        0.14136403682,
        0.13839314182,
        0.13848459082000003,
        0.13821062782000001,
        0.13848220682,
        0.13889356682,
        0.13874104582000002,
        0.13984246582,
        0.13822122382000002,
        0.14480544982000002
      ],
      "memory_usage_byte": [
        70537216,
        70537216,
        70537216,
        70537216,
        70537216,
        70537216,
        70537216,
        70537216,
        70537216,
        70537216,
        70537216,
        70537216,
        70537216,
        70537216,
        70537216,
        70537216,
        70537216,
        70537216,
        70537216,
        70537216,
        70537216
      ],
      "exit_codes": [
        0,
        0,
        0,
        0,
        0,
        0,
        0,
        0,
        0,
        0,
        0,
        0,
        0,
        0,
        0,
        0,
        0,
        0,
        0,
        0,
        0
      ]
    }
  ]
}
