{
  "results": [
    {
      "command": "./bin/yuku_antd",
      "mean": 0.020806311126299215,
      "stddev": 0.00024977823152787557,
      "median": 0.02078851752,
      "user": 0.019268522519685027,
      "system": 0.0013407492913385822,
      "min": 0.02042935052,
      "max": 0.02188397552,
      "times": [
        0.020753184520000002,
        0.02077255952,
        0.02079655952,
        0.02075939252,
        0.020848892520000002,
        0.02062030952,
        0.02057643352,
        0.02101068352,
        0.02188397552,
        0.02093597552,
        0.020886642520000002,
        0.02083468452,
        0.02057889252,
        0.02077489252,
        0.02078851752,
        0.02079447552,
        0.02080789252,
        0.020578642520000003,
        0.02086089252,
        0.020731267520000003,
        0.02060014252,
        0.02047643452,
        0.02048110052,
        0.020704934520000003,
        0.02047185052,
        0.020845392520000002,
        0.02052322552,
        0.02058335152,
        0.02074985052,
        0.02098605952,
        0.02063305952,
        0.02073226752,
        0.020467517520000002,
        0.02091543452,
        0.020705726520000002,
        0.02071155852,
        0.02081201752,
        0.02088255952,
        0.02122276752,
        0.02082530952,
        0.020910726520000002,
        0.02079126752,
        0.020903726520000002,
        0.02072526752,
        0.02083726752,
        0.020722975520000003,
        0.020732559520000002,
        0.02059826752,
        0.02065130852,
        0.02066689252,
        0.020879100520000003,
        0.020931350520000003,
        0.020538475520000002,
        0.02065493452,
        0.020678517520000002,
        0.020787433520000002,
        0.02067393452,
        0.02100214252,
        0.02081785152,
        0.02060176752,
        0.020637808520000002,
        0.02074393452,
        0.02059518452,
        0.02063755952,
        0.02053551752,
        0.02050722652,
        0.02084280952,
        0.02074830952,
        0.02069376752,
        0.02079543352,
        0.02057510052,
        0.02091326752,
        0.02107068452,
        0.02104518452,
        0.02082051752,
        0.020864600520000002,
        0.021197725520000002,
        0.02092510052,
        0.020830600520000003,
        0.02079260052,
        0.02110547552,
        0.02149547552,
        0.02084285152,
        0.02080451752,
        0.02080780952,
        0.02084218352,
        0.020926975520000002,
        0.020665267520000002,
        0.02063422652,
        0.02083635052,
        0.02052635052,
        0.020605767520000002,
        0.020556350520000002,
        0.02060405852,
        0.02151076752,
        0.02152143452,
        0.02163993452,
        0.02089001752,
        0.02071043352,
        0.02159530952,
        0.02084064252,
        0.020724517520000003,
        0.02066030852,
        0.02065155952,
        0.02076893352,
        0.02066018352,
        0.02104918452,
        0.02096601752,
        0.020800017520000002,
        0.02062476752,
        0.02042935052,
        0.02098355952,
        0.020578808520000002,
        0.02051035052,
        0.02099235052,
        0.020795100520000002,
        0.02085468452,
        0.02065864252,
        0.02063005952,
        0.020514850520000003,
        0.02069660052,
        0.02085726752,
        0.02107176752,
        0.02097939252,
        0.020852517520000002,
        0.020798850520000002,
        0.021525642520000002
      ],
      "memory_usage_byte": [
        32669696,
        32669696,
        32669696,
        32669696,
        32669696,
        32669696,
        32669696,
        32669696,
        32669696,
        32669696,
        32669696,
        32669696,
        32669696,
        32669696,
        32669696,
        32669696,
        32669696,
        32669696,
        32669696,
        32669696,
        32669696,
        32669696,
        32669696,
        32669696,
        32669696,
        32669696,
        32669696,
        32669696,
        32669696,
        32669696,
        32669696,
        32669696,
        32669696,
        32669696,
        32669696,
        32669696,
        32669696,
        32669696,
        32669696,
        32669696,
        32669696,
        32669696,
        32669696,
        32669696,
        32669696,
        32669696,
        32669696,
        32669696,
        32669696,
        32669696,
        32669696,
        32669696,
        32669696,
        32669696,
        32669696,
        32669696,
        32669696,
        32669696,
        32669696,
        32669696,
        32669696,
        32669696,
        32669696,
        32669696,
        32669696,
        32669696,
        32669696,
        32669696,
        32669696,
        32669696,
        32669696,
        32669696,
        32669696,
        32669696,
        32669696,
        32669696,
        32669696,
        32669696,
        32669696,
        32669696,
        32669696,
        32669696,
        32669696,
        32669696,
        32669696,
        32669696,
        32669696,
        32669696,
        32669696,
        32669696,
        32669696,
        32669696,
        32669696,
        32669696,
        32669696,
        32669696,
        32669696,
        32669696,
        32669696,
        32669696,
        32669696,
        32669696,
        32669696,
        32669696,
        32669696,
        32669696,
        32669696,
        32669696,
        32669696,
        32669696,
        32669696,
        32669696,
        32669696,
        32669696,
        32669696,
        32669696,
        32669696,
        32669696,
        32669696,
        32669696,
        32669696,
        32669696,
        32669696,
        32669696,
        32669696,
        32669696,
        32669696
      ],
      "exit_codes": [
        0,
        0,
        0,
        0,
        0,
        0,
        0,
        0,
        0,
        0,
        0,
        0,
        0,
        0,
        0,
        0,
        0,
        0,
        0,
        0,
        0,
        0,
        0,
        0,
        0,
        0,
        0,
        0,
        0,
        0,
        0,
        0,
        0,
        0,
        0,
        0,
        0,
        0,
        0,
        0,
        0,
        0,
        0,
        0,
        0,
        0,
        0,
        0,
        0,
        0,
        0,
        0,
        0,
        0,
        0,
        0,
        0,
        0,
        0,
        0,
        0,
        0,
        0,
        0,
        0,
        0,
        0,
        0,
        0,
        0,
        0,
        0,
        0,
        0,
        0,
        0,
        0,
        0,
        0,
        0,
        0,
        0,
        0,
        0,
        0,
        0,
        0,
        0,
        0,
        0,
        0,
        0,
        0,
        0,
        0,
        0,
        0,
        0,
        0,
        0,
        0,
        0,
        0,
        0,
        0,
        0,
        0,
        0,
        0,
        0,
        0,
        0,
        0,
        0,
        0,
        0,
        0,
        0,
        0,
        0,
        0,
        0,
        0,
        0,
        0,
        0,
        0
      ]
    },
    {
      "command": "./bin/oxc_antd",
      "mean": 0.021706288800000008,
      "stddev": 0.0011704266283471417,
      "median": 0.021219892520000002,
      "user": 0.019209504,
      "system": 0.002113672,
      "min": 0.02083855952,
      "max": 0.02654672652,