{
  "results": [
    {
      "command": "./bin/yuku_antd",
      "mean": 0.05916136090000001,
      "stddev": 0.0003644490273071708,
      "median": 0.0590527933,
      "user": 0.04660984,
      "system": 0.012514519999999998,
      "min": 0.0586952913,
      "max": 0.0603923763,
      "times": [
        0.0590822703,
        0.0589026733,
        0.0592770953,
        0.0588823943,
        0.0589804883,
        0.0599820383,
        0.0591803933,
        0.0588627883,
        0.0590176873,
        0.0586952913,
        0.0590360413,
        0.0590490563,
        0.0599855923,
        0.0587243963,
        0.0590203323,
        0.0592352053,
        0.0589149543,
        0.0591927453,
        0.0590565303,
        0.0587974033,
        0.0589313953,
        0.0589699573,
        0.0590295393,
        0.0587614563,
        0.0587549433,
        0.0591081463,
        0.0589690653,
        0.059696210300000004,
        0.0593343803,
        0.0588886643,
        0.0589057663,
        0.0589047253,
        0.0588791463,
        0.0590794023,
        0.0590938093,
        0.0592971003,
        0.0594107243,
        0.0592880343,
        0.0590654263,
        0.0593211263,
        0.0590319133,
        0.0589846553,
        0.0591116133,
        0.0593344013,
        0.0595201203,
        0.0589161763,
        0.0599476513,
        0.0593884533,
        0.059876288300000004,
        0.0603923763
      ],
      "memory_usage_byte": [
        32059392,
        32059392,
        32059392,
        32059392,
        32059392,
        32059392,
        32059392,
        32059392,
        32059392,
        32059392,
        32059392,
        32059392,
        32059392,
        32059392,
        32059392,
        32059392,
        32059392,
        32059392,
        32059392,
        32059392,
        32059392,
        32059392,
        32059392,
        32059392,
        32059392,
        32059392,
        32059392,
        32059392,
        32059392,
        32059392,
        32059392,
        32059392,
        32059392,
        32059392,
        32059392,
        32059392,
        32059392,
        32059392,
        32059392,
        32059392,
        32059392,
        32059392,
        32059392,
        32059392,
        32059392,
        32059392,
        32059392,
        32059392,
        32059392,
        32059392
      ],
      "exit_codes": [
        0,
        0,
        0,
        0,
        0,
        0,
        0,
        0,
        0,
        0,
        0,
        0,
        0,
        0,
        0,
        0,
        0,
        0,
        0,
        0,
        0,
        0,
        0,
        0,
        0,
        0,
        0,
        0,
        0,
        0,
        0,
        0,
        0,
        0,
        0,
        0,
        0,
        0,
        0,
        0,
        0,
        0,
        0,
        0,
        0,
        0,
        0,
        0,
        0,
        0
      ]
    },
    {
      "command": "./bin/oxc_antd",
      "mean": 0.061547463591666685,
      "stddev": 0.00035867605378948626,
      "median": 0.0615504313,
      "user": 0.043846802500000004,
      "system": 0.017671204999999995,
      "min": 0.0608943043,
      "max": 0.0625209163,
      "times": [
        0.061373944300000004,
        0.0612048173,
        0.0610885593,
        0.0616592403,
        0.0621236923,
        0.061912385300000004,
        0.0622579733,
        0.0616818223,
        0.0615064243,
        0.061354328300000004,
        0.0614364723,
        0.0616642803,
        0.0619933073,
        0.061586584300000004,
        0.0616995463,
        0.0616663033,
        0.0615319923,
        0.0625209163,
        0.0612973413,
        0.0617130413,
        0.0613515923,
        0.0613440783,
        0.0612690583,
        0.0618688433,
        0.0612806103,
        0.0614597163,
        0.0616183933,
        0.0615688703,
        0.0617718113,
        0.0610202313,
        0.0612201963,
        0.0616544013,
        0.0611780873,
        0.0613516833,
        0.0608943043,
        0.0611351763,
        0.0610459293,
        0.061141278300000004,
        0.0615853213,
        0.0619031883,
        0.0611873943,
        0.0611429813,
        0.0613879113,
        0.061847764300000004,
        0.06198377930000001,
        0.0615986763,
        0.0619667073,
        0.062227295300000006
      ],
      "memory_usage_byte": [
        42975232,
        42975232,
        42975232,
        42975232,
        42975232,
        42975232,
        42975232,
        42975232,
        42975232,
        42975232,
        42975232,
        42975232,
        42975232,
        42975232,
        42975232,
        42975232,
        42975232,
        42975232,
        42975232,
        42975232,
        42975232,
        42975232,
        42975232,
        42975232,
        42975232,
        42975232,
        42975232,
        42975232,
        42975232,
        42975232,
        42975232,
        42975232,
        42975232,
        42975232,
        42975232,
        42975232,
        42975232,
        42975232,
        42975232,
        42975232,
        42975232,
        42975232,
        42975232,
        42975232,
        42975232,
        42975232,
        42975232,
        42975232
      ],
      "exit_codes": [
        0,
        0,
        0,
        0,
        0,
        0,
        0,
        0,
        0,
        0,
        0,
        0,
        0,
        0,
        0,
        0,
        0,
        0,
        0,
        0,
        0,
        0,
        0,
        0,
        0,
        0,
        0,
        0,
        0,
        0,
        0,
        0,
        0,
        0,
        0,
        0,
        0,
        0,
        0,
        0,
        0,
        0,
        0,
        0,
        0,
        0,
        0,
        0
      ]
    },
    {
      "command": "./bin/swc_antd",
      "mean": 0.12823689034347827,
      "stddev": 0.0026150700171666988,
      "median": 0.1273707523,
      "user": 0.09728471826086955,
      "system": 0.030881036521739128,
      "min": 0.1258893223,
      "max": 0.1373913163,
      "times": [
        0.1258893223,
        0.1267733123,
        0.1270032633,
        0.1260285743,
        0.1275571323,
        0.1264307583,
        0.1261527773,
        0.1270690373,
        0.1263078683,
        0.1282056593,
        0.1373913163,
        0.1302614563,
        0.1318671603,
        0.1296378573,
        0.1314162233,
        0.1280214933,
        0.1273707523,
        0.1260184853,
        0.1289179563,
        0.1271367003,
        0.1268595123,
        0.1291070803,
        0.1280247793
      ],
      "memory_usage_byte": [
        70647808,
        70647808,
        70647808,
        70647808,
        70647808,
        70647808,
        70647808,
        70647808,
        70647808,
        70647808,
        70647808,
        70647808,
        70647808,
        70647808,
        70647808,
        70647808,
        70647808,
        70647808,
        70647808,
        70647808,
        70647808,
        70647808,
        70647808
      ],
      "exit_codes": [
        0,
        0,
        0,
        0,
        0,
        0,
        0,
        0,
        0,
        0,
        0,
        0,
        0,
        0,
        0,
        0,
        0,
        0,
        0,
        0,
        0,
        0,
        0
      ]
    }
  ]
}
