{
  "results": [
    {
      "command": "./bin/yuku_antd",
      "mean": 0.060591016034285704,
      "stddev": 0.0018871655823010397,
      "median": 0.06029282032,
      "user": 0.046997752653061234,
      "system": 0.013536667755102042,
      "min": 0.059797405320000004,
      "max": 0.07323179632,
      "times": [
        0.05983632832000001,
        0.060412332320000005,
        0.06028725932000001,
        0.060703215320000004,
        0.06066071632000001,
        0.06039753532000001,
        0.060389659320000004,
        0.060405400320000004,
        0.06057894332000001,
        0.06066434332000001,
        0.06035526632,
        0.06019079932000001,
        0.060346380320000004,
        0.06033463732000001,
        0.060245751320000006,
        0.06051790932000001,
        0.06041473732000001,
        0.060301977320000005,
        0.061264897320000004,
        0.06117537632000001,
        0.060045678320000004,
        0.060318678320000006,
        0.06067836932000001,
        0.060509965320000005,
        0.060060467320000005,
        0.059797405320000004,
        0.059904474320000005,
        0.05982311332,
        0.05982030832000001,
        0.06005506632,
        0.059862697320000005,
        0.060287119320000006,
        0.060289824320000004,
        0.05995933732000001,
        0.060008870320000005,
        0.06022828932,
        0.060062789320000004,
        0.06027067832000001,
        0.06006431332000001,
        0.05987103232,
        0.05997845332000001,
        0.06062873632000001,
        0.060884082320000005,
        0.07323179632,
        0.06191868132,
        0.05988622032,
        0.060514644320000005,
        0.060222408320000004,
        0.06029282032
      ],
      "memory_usage_byte": [
        31932416,
        31932416,
        31932416,
        31932416,
        31932416,
        31932416,
        31932416,
        31932416,
        31932416,
        31932416,
        31932416,
        31932416,
        31932416,
        31932416,
        31932416,
        31932416,
        31932416,
        31932416,
        31932416,
        31932416,
        31932416,
        31932416,
        31932416,
        31932416,
        31932416,
        31932416,
        31932416,
        31932416,
        31932416,
        31932416,
        31932416,
        31932416,
        31932416,
        31932416,
        31932416,
        31932416,
        31932416,
        31932416,
        31932416,
        31932416,
        31932416,
        31932416,
        31932416,
        31932416,
        31932416,
        31932416,
        31932416,
        31932416,
        31932416
      ],
      "exit_codes": [
        0,
        0,
        0,
        0,
        0,
        0,
        0,
        0,
        0,
        0,
        0,
        0,
        0,
        0,
        0,
        0,
        0,
        0,
        0,
        0,
        0,
        0,
        0,
        0,
        0,
        0,
        0,
        0,
        0,
        0,
        0,
        0,
        0,
        0,
        0,
        0,
        0,
        0,
        0,
        0,
        0,
        0,
        0,
        0,
        0,
        0,
        0,
        0,
        0
      ]
    },
    {
      "command": "./bin/oxc_antd",
      "mean": 0.06213124197957449,
      "stddev": 0.0002185898262276396,
      "median": 0.062152091320000005,
      "user": 0.043943758297872344,
      "system": 0.01812321617021277,
      "min": 0.061628926320000006,
      "max": 0.06255070632000001,
      "times": [
        0.06238052832,
        0.06255070632000001,
        0.06170274432,
        0.06191030132,
        0.06185031832,
        0.06197279732000001,
        0.061628926320000006,
        0.06217696832000001,
        0.06224651332,
        0.06199970732,
        0.06220784532000001,
        0.06195915132,
        0.06212948932000001,
        0.06239850032000001,
        0.06212660432,
        0.06170453632,
        0.06197895732,
        0.062152091320000005,
        0.06219354832,
        0.06231609932000001,
        0.06189269732000001,
        0.06196131532,
        0.06229953332,
        0.06204463032,
        0.062413589320000004,
        0.06212816632000001,
        0.06242744532000001,
        0.06179459332000001,
        0.061921019320000006,
        0.06205476932000001,
        0.062282363320000006,
        0.062170415320000005,
        0.062162059320000004,
        0.06221106132000001,
        0.062091477320000005,
        0.06222152032,
        0.06192902432000001,
        0.06201861132,
        0.06246993432,
        0.062416464320000004,
        0.06228912632,
        0.062401486320000005,
        0.06222025932000001,
        0.06226566232000001,
        0.06243386932,
        0.06209513132000001,
        0.06196581332000001
      ],
      "memory_usage_byte": [
        42975232,
        42975232,
        42975232,
        42975232,
        42975232,
        42975232,
        42975232,
        42975232,
        42975232,
        42975232,
        42975232,
        42975232,
        42975232,
        42975232,
        42975232,
        42975232,
        42975232,
        42975232,
        42975232,
        42975232,
        42975232,
        42975232,
        42975232,
        42975232,
        42975232,
        42975232,
        42975232,
        42975232,
        42975232,
        42975232,
        42975232,
        42975232,
        42975232,
        42975232,
        42975232,
        42975232,
        42975232,
        42975232,
        42975232,
        42975232,
        42975232,
        42975232,
        42975232,
        42975232,
        42975232,
        42975232,
        42975232
      ],
      "exit_codes": [
        0,
        0,
        0,
        0,
        0,
        0,
        0,
        0,
        0,
        0,
        0,
        0,
        0,
        0,
        0,
        0,
        0,
        0,
        0,
        0,
        0,
        0,
        0,
        0,
        0,
        0,
        0,
        0,
        0,
        0,
        0,
        0,
        0,
        0,
        0,
        0,
        0,
        0,
        0,
        0,
        0,
        0,
        0,
        0,
        0,
        0,
        0
      ]
    },
    {
      "command": "./bin/swc_antd",
      "mean": 0.13123219495636368,
      "stddev": 0.0014045846593236004,
      "median": 0.13125759932000003,
      "user": 0.09711957454545452,
      "system": 0.034030598181818174,
      "min": 0.12811900232,
      "max": 0.13322718332,
      "times": [
        0.13106555932,
        0.12868360732,
        0.13322718332,
        0.13301532832000001,
        0.12967451032000002,
        0.13091721532,
        0.13045959932,
        0.13038131232,
        0.13265667732,
        0.13288470132000002,
        0.12811900232,
        0.12973532232,
        0.13018445032,
        0.13127459732000002,
        0.13124060132,
        0.13137071332,
        0.13183779632,
        0.13218785932000002,
        0.13208865432,
        0.13309711632000001,
        0.13197817732,
        0.13102830432
      ],
      "memory_usage_byte": [
        70553600,
        70553600,
        70553600,
        70553600,
        70553600,
        70553600,
        70553600,
        70553600,
        70553600,
        70553600,
        70553600,
        70553600,
        70553600,
        70553600,
        70553600,
        70553600,
        70553600,
        70553600,
        70553600,
        70553600,
        70553600,
        70553600
      ],
      "exit_codes": [
        0,
        0,
        0,
        0,
        0,
        0,
        0,
        0,
        0,
        0,
        0,
        0,
        0,
        0,
        0,
        0,
        0,
        0,
        0,
        0,
        0,
        0
      ]
    }
  ]
}
