{
  "results": [
    {
      "command": "./bin/yuku_antd",
      "mean": 0.021803028740944874,
      "stddev": 0.0014405093400299816,
      "median": 0.0212734943,
      "user": 0.01992272645669291,
      "system": 0.001540984566929134,
      "min": 0.0207782863,
      "max": 0.0310421613,
      "times": [
        0.0209138703,
        0.0211759113,
        0.0207782863,
        0.020992703300000002,
        0.0212734943,
        0.0208863283,
        0.0207800783,
        0.020900495300000002,
        0.021101244300000002,
        0.021106953300000002,
        0.0209903283,
        0.021154787300000002,
        0.0211160373,
        0.0210101613,
        0.0210224953,
        0.0208245783,
        0.020847203300000002,
        0.0219624533,
        0.021596703300000002,
        0.0214107863,
        0.021369536300000002,
        0.0211907443,
        0.0212812863,
        0.0210840783,
        0.021076078300000002,
        0.0210263693,
        0.0212198693,
        0.0210618283,
        0.0210513693,
        0.0213109953,
        0.0211037873,
        0.0208709533,
        0.0213714113,
        0.021499869300000002,
        0.0211652033,
        0.021232078300000002,
        0.0212753283,
        0.020974411300000002,
        0.0211552453,
        0.021159703300000002,
        0.021178245300000002,
        0.0210067453,
        0.0208206613,
        0.0210568693,
        0.021086203300000002,
        0.021000619300000002,
        0.0209905783,
        0.0211747033,
        0.0210274123,
        0.0208170783,
        0.020967411300000002,
        0.0211347443,
        0.0208991623,
        0.0207959533,
        0.0210778693,
        0.022722661300000002,
        0.0238993693,
        0.0217570363,
        0.022594662300000002,
        0.0239670783,
        0.0310421613,
        0.0248916613,
        0.0226623283,
        0.0217950373,
        0.0217825783,
        0.0242959953,
        0.0238213283,
        0.0237507863,
        0.0227443703,
        0.0221356193,
        0.0237968283,
        0.025484536300000003,
        0.025080870300000002,
        0.0264007453,
        0.0272999113,
        0.022635245300000002,
        0.0221169943,
        0.022328203300000002,
        0.021418662300000002,
        0.0230485373,
        0.023328870300000002,
        0.0213000783,
        0.0224716203,
        0.022788161300000002,
        0.0216285373,
        0.0229111623,
        0.0217100783,
        0.0214819953,
        0.0212552453,
        0.0214153703,
        0.0209558283,
        0.0211735363,
        0.0210747453,
        0.0209631623,
        0.0212306193,
        0.021323870300000002,
        0.0211271193,
        0.0210678283,
        0.0214130363,
        0.0209361203,
        0.021311161300000003,
        0.0219051203,
        0.0214634123,
        0.0213665783,
        0.0213707453,
        0.0212764953,
        0.0212552873,
        0.0214428703,
        0.023251578300000002,
        0.024695369300000002,
        0.0213044113,
        0.0218427453,
        0.0223292033,
        0.0210672443,
        0.0213337033,
        0.0213903703,
        0.021196661300000003,
        0.021142869300000002,
        0.0210416203,
        0.0210045363,
        0.0212833703,
        0.021162578300000002,
        0.0221222033,
        0.021456411300000002,
        0.0212189533,
        0.0211402033,
        0.0222194533
      ],
      "memory_usage_byte": [
        32669696,
        32669696,
        32669696,
        32669696,
        32669696,
        32669696,
        32669696,
        32669696,
        32669696,
        32669696,
        32669696,
        32669696,
        32669696,
        32669696,
        32669696,
        32669696,
        32669696,
        32669696,
        32669696,
        32669696,
        32669696,
        32669696,
        32669696,
        32669696,
        32669696,
        32669696,
        32669696,
        32702464,
        32702464,
        32702464,
        32702464,
        32702464,
        32702464,
        32702464,
        32702464,
        32702464,
        32702464,
        32702464,
        32702464,
        32702464,
        32702464,
        32702464,
        32702464,
        32702464,
        32702464,
        32702464,
        32702464,
        32702464,
        32702464,
        32702464,
        32702464,
        32702464,
        32702464,
        32702464,
        32702464,
        32702464,
        32702464,
        32702464,
        32702464,
        32702464,
        32702464,
        32702464,
        32702464,
        32702464,
        32702464,
        32702464,
        32702464,
        32702464,
        32702464,
        32702464,
        32702464,
        32702464,
        32702464,
        32702464,
        32718848,
        32718848,
        32718848,
        32718848,
        32718848,
        32718848,
        32718848,
        32718848,
        32718848,
        32718848,
        32718848,
        32718848,
        32718848,
        32718848,
        32718848,
        32718848,
        32718848,
        32718848,
        32718848,
        32718848,
        32718848,
        32718848,
        32718848,
        32718848,
        32718848,
        32718848,
        32718848,
        32718848,
        32718848,
        32718848,
        32718848,
        32718848,
        32718848,
        32718848,
        32718848,
        32718848,
        32718848,
        32718848,
        32718848,
        32718848,
        32718848,
        32718848,
        32718848,
        32718848,
        32718848,
        32718848,
        32718848,
        32718848,
        32718848,
        32718848,
        32718848,
        32718848,
        32718848
      ],
      "exit_codes": [
        0,
        0,
        0,
        0,
        0,
        0,
        0,
        0,
        0,
        0,
        0,
        0,
        0,
        0,
        0,
        0,
        0,
        0,
        0,
        0,
        0,
        0,
        0,
        0,
        0,
        0,
        0,
        0,
        0,
        0,
        0,
        0,
        0,
        0,
        0,
        0,
        0,
        0,
        0,
        0,
        0,
        0,
        0,
        0,
        0,
        0,
        0,
        0,
        0,
        0,
        0,
        0,
        0,
        0,
        0,
        0,
        0,
        0,
        0,
        0,
        0,
        0,
        0,
        0,
        0,
        0,
        0,
        0,
        0,
        0,
        0,
        0,
        0,
        0,
        0,
        0,
        0,
        0,
        0,
        0,
        0,
        0,
        0,
        0,
        0,
        0,
        0,
        0,
        0,
        0,
        0,
        0,
        0,
        0,
        0,
        0,
        0,
        0,
        0,
        0,
        0,
        0,
        0,
        0,
        0,
        0,
        0,
        0,
        0,
        0,
        0,
        0,
        0,
        0,
        0,
        0,
        0,
        0,
        0,
        0,
        0,
        0,
        0,
        0,
        0,
        0,
        0
      ]
    },
    {
      "command": "./bin/oxc_antd",
      "mean": 0.021270958604,
      "stddev": 0.00025546574342356584,
      "median": 0.0212088283,
      "user": 0.018891723999999995,
      "system": 0.002059832,
      "min": 0.0209524533,
      "max": 0.022356744300000002,