{
  "results": [
    {
      "command": "./bin/yuku_antd",
      "mean": 0.020859478655625,
      "stddev": 0.00019011851177136126,
      "median": 0.02084200814,
      "user": 0.0192952128125,
      "system": 0.0013525793750000003,
      "min": 0.02048848814,
      "max": 0.02155090414,
      "times": [
        0.02065594614,
        0.02115140414,
        0.02089236214,
        0.02054544614,
        0.02072002914,
        0.02098144514,
        0.02069077914,
        0.02084986214,
        0.02091648814,
        0.02149752914,
        0.02114690414,
        0.02081082114,
        0.02078723714,
        0.02107323814,
        0.02101461314,
        0.02099290414,
        0.02095648714,
        0.02104507014,
        0.02072169614,
        0.02078827914,
        0.02071057014,
        0.02070094614,
        0.02090736214,
        0.02105494514,
        0.02087086214,
        0.02085836214,
        0.02070157114,
        0.02077882014,
        0.02084636214,
        0.02067469514,
        0.02096565414,
        0.02082494614,
        0.02078477914,
        0.02065386214,
        0.02080832114,
        0.02119786214,
        0.02120965414,
        0.02069815414,
        0.02091569614,
        0.02085152914,
        0.02085740414,
        0.02100236214,
        0.02048848814,
        0.02091448814,
        0.02092715414,
        0.02112198714,
        0.02081473814,
        0.02070811214,
        0.02085894514,
        0.02091952914,
        0.02126323714,
        0.02130148714,
        0.02129373714,
        0.02103877914,
        0.02088652914,
        0.02089736314,
        0.02078469514,
        0.02098207014,
        0.02079319514,
        0.02061019614,
        0.02076511314,
        0.02083765414,
        0.02080248714,
        0.02092761314,
        0.02076140414,
        0.02093761214,
        0.02090094614,
        0.02062277914,
        0.02085986214,
        0.02111523814,
        0.02084777914,
        0.02087382114,
        0.02073040414,
        0.02093407114,
        0.02066802914,
        0.02070332114,
        0.02067182014,
        0.02069944514,
        0.02155090414,
        0.02090590414,
        0.02081802914,
        0.02080282014,
        0.02071423714,
        0.02072794514,
        0.02059686214,
        0.02059736314,
        0.02108640414,
        0.02081269514,
        0.02077294514,
        0.02060636214,
        0.02071298714,
        0.02073677914,
        0.02062440414,
        0.02060215414,
        0.02127777914,
        0.02085927914,
        0.02093473714,
        0.02082548814,
        0.02078090414,
        0.02065807014,
        0.02057332114,
        0.02072473714,
        0.02075986214,
        0.02100632114,
        0.02095382114,
        0.02071523714,
        0.02077069514,
        0.02106744614,
        0.02084686314,
        0.02096036314,
        0.02095127914,
        0.02103607014,
        0.02061619614,
        0.02086286314,
        0.02090190414,
        0.02062119614,
        0.02081702914,
        0.02093940414,
        0.02101386314,
        0.02082098714,
        0.02111827914,
        0.02080807114,
        0.02069144514,
        0.02104827914,
        0.02077832114,
        0.02105086314,
        0.02068652914,
        0.02048957114
      ],
      "memory_usage_byte": [
        32669696,
        32669696,
        32669696,
        32669696,
        32669696,
        32669696,
        32669696,
        32669696,
        32669696,
        32669696,
        32669696,
        32669696,
        32669696,
        32669696,
        32669696,
        32669696,
        32669696,
        32669696,
        32669696,
        32669696,
        32669696,
        32669696,
        32669696,
        32669696,
        32669696,
        32669696,
        32669696,
        32669696,
        32669696,
        32669696,
        32669696,
        32669696,
        32669696,
        32669696,
        32669696,
        32669696,
        32669696,
        32669696,
        32669696,
        32669696,
        32669696,
        32669696,
        32669696,
        32669696,
        32669696,
        32669696,
        32669696,
        32669696,
        32669696,
        32669696,
        32669696,
        32669696,
        32669696,
        32669696,
        32669696,
        32669696,
        32669696,
        32669696,
        32669696,
        32669696,
        32669696,
        32669696,
        32669696,
        32669696,
        32669696,
        32669696,
        32669696,
        32669696,
        32669696,
        32669696,
        32669696,
        32669696,
        32669696,
        32669696,
        32669696,
        32669696,
        32669696,
        32669696,
        32669696,
        32669696,
        32669696,
        32669696,
        32669696,
        32669696,
        32669696,
        32669696,
        32669696,
        32669696,
        32669696,
        32669696,
        32669696,
        32669696,
        32669696,
        32669696,
        32669696,
        32669696,
        32669696,
        32669696,
        32669696,
        32669696,
        32669696,
        32669696,
        32669696,
        32669696,
        32669696,
        32669696,
        32669696,
        32669696,
        32669696,
        32669696,
        32669696,
        32669696,
        32669696,
        32669696,
        32669696,
        32669696,
        32669696,
        32669696,
        32702464,
        32702464,
        32702464,
        32702464,
        32702464,
        32702464,
        32702464,
        32702464,
        32702464,
        32702464
      ],
      "exit_codes": [
        0,
        0,
        0,
        0,
        0,
        0,
        0,
        0,
        0,
        0,
        0,
        0,
        0,
        0,
        0,
        0,
        0,
        0,
        0,
        0,
        0,
        0,
        0,
        0,
        0,
        0,
        0,
        0,
        0,
        0,
        0,
        0,
        0,
        0,
        0,
        0,
        0,
        0,
        0,
        0,
        0,
        0,
        0,
        0,
        0,
        0,
        0,
        0,
        0,
        0,
        0,
        0,
        0,
        0,
        0,
        0,
        0,
        0,
        0,
        0,
        0,
        0,
        0,
        0,
        0,
        0,
        0,
        0,
        0,
        0,
        0,
        0,
        0,
        0,
        0,
        0,
        0,
        0,
        0,
        0,
        0,
        0,
        0,
        0,
        0,
        0,
        0,
        0,
        0,
        0,
        0,
        0,
        0,
        0,
        0,
        0,
        0,
        0,
        0,
        0,
        0,
        0,
        0,
        0,
        0,
        0,
        0,
        0,
        0,
        0,
        0,
        0,
        0,
        0,
        0,
        0,
        0,
        0,
        0,
        0,
        0,
        0,
        0,
        0,
        0,
        0,
        0,
        0
      ]
    },
    {
      "command": "./bin/oxc_antd",
      "mean": 0.022000815331919197,
      "stddev": 0.0013744070044393074,
      "median": 0.02139286314,
      "user": 0.01928540323232324,
      "system": 0.002252962424242424,
      "min": 0.02094065414,
      "max": 0.02815469614,