{
  "results": [
    {
      "command": "./bin/yuku_antd",
      "mean": 0.058793292579999996,
      "stddev": 0.00018267116113749495,
      "median": 0.058771929740000006,
      "user": 0.0454678,
      "system": 0.013255840000000001,
      "min": 0.058418456740000006,
      "max": 0.05924909374,
      "times": [
        0.05880463074,
        0.058743946740000004,
        0.05860585874,
        0.05866759374,
        0.058911908740000005,
        0.05887616474,
        0.05898473874,
        0.05879773774,
        0.05897547074,
        0.05869238074,
        0.058767200740000004,
        0.059084895740000004,
        0.05887817874,
        0.05903404074,
        0.059173762740000004,
        0.058752392740000006,
        0.05907149074,
        0.05868599774,
        0.05877849074,
        0.058935886740000006,
        0.058718659740000005,
        0.058776838740000004,
        0.05905504074,
        0.05912553174,
        0.05889804574,
        0.058623240740000006,
        0.05879031374,
        0.05924909374,
        0.05897397774,
        0.05882037074,
        0.05884056874,
        0.05877836174000001,
        0.05860802174,
        0.05851534874,
        0.058418456740000006,
        0.058529313740000005,
        0.058571472740000005,
        0.05872489074,
        0.05872511174,
        0.05871254874,
        0.058555774740000004,
        0.058717647740000004,
        0.058688222740000004,
        0.058562536740000004,
        0.05877665874,
        0.058944282740000006,
        0.05856435974,
        0.05867976674000001,
        0.05875044874,
        0.058746952740000004
      ],
      "memory_usage_byte": [
        31936512,
        31936512,
        31936512,
        31936512,
        31936512,
        31936512,
        31936512,
        31936512,
        31936512,
        31936512,
        31936512,
        31936512,
        31936512,
        31936512,
        31936512,
        31936512,
        31936512,
        31936512,
        31936512,
        31936512,
        31936512,
        31936512,
        31936512,
        31936512,
        31936512,
        31936512,
        31936512,
        31936512,
        31936512,
        31936512,
        31936512,
        31936512,
        31936512,
        31936512,
        31936512,
        31936512,
        31936512,
        31936512,
        31936512,
        31936512,
        31936512,
        31936512,
        31936512,
        31936512,
        31936512,
        31936512,
        31936512,
        31936512,
        31936512,
        31936512
      ],
      "exit_codes": [
        0,
        0,
        0,
        0,
        0,
        0,
        0,
        0,
        0,
        0,
        0,
        0,
        0,
        0,
        0,
        0,
        0,
        0,
        0,
        0,
        0,
        0,
        0,
        0,
        0,
        0,
        0,
        0,
        0,
        0,
        0,
        0,
        0,
        0,
        0,
        0,
        0,
        0,
        0,
        0,
        0,
        0,
        0,
        0,
        0,
        0,
        0,
        0,
        0,
        0
      ]
    },
    {
      "command": "./bin/oxc_antd",
      "mean": 0.058517119916470614,
      "stddev": 0.000357512440935121,
      "median": 0.05842372674,
      "user": 0.03994638470588236,
      "system": 0.018503633725490187,
      "min": 0.058024818740000005,
      "max": 0.060062707740000006,
      "times": [
        0.058024818740000005,
        0.05828717974000001,
        0.058379372740000005,
        0.05813520574,
        0.05835677074,
        0.05909555574000001,
        0.05841263574,
        0.05835694074,
        0.058341391740000005,
        0.058400492740000004,
        0.058690225740000004,
        0.05862747874,
        0.05816414074,
        0.05866340474,
        0.058366057740000005,
        0.05842372674,
        0.05827879474,
        0.05825138374,
        0.058204445740000006,
        0.058063129740000004,
        0.05831607474,
        0.05815937074,
        0.058281169740000006,
        0.05820070874,
        0.058361379740000004,
        0.058091723740000004,
        0.05861324174,
        0.05860404474000001,
        0.058434265740000005,
        0.05858454474,
        0.05856310774,
        0.058306446740000004,
        0.058261582740000005,
        0.05848633474000001,
        0.05853170774,
        0.058907793740000006,
        0.05893102674,
        0.05918381074,
        0.05888085274,
        0.058955092740000006,
        0.05812889374000001,
        0.060062707740000006,
        0.05829499474,
        0.058493506740000006,
        0.05879781674,
        0.05875816374,
        0.05846609574,
        0.05872243574,
        0.05888393874,
        0.05870206774,
        0.05888506074
      ],
      "memory_usage_byte": [
        42971136,
        42971136,
        42971136,
        42971136,
        42971136,
        42971136,
        42971136,
        42971136,
        42971136,
        42971136,
        42971136,
        42971136,
        42971136,
        42971136,
        42971136,
        42971136,
        42971136,
        42971136,
        42971136,
        42971136,
        42971136,
        42971136,
        42971136,
        42971136,
        42971136,
        42971136,
        42971136,
        42971136,
        42971136,
        42971136,
        42971136,
        42971136,
        42971136,
        42971136,
        42971136,
        42971136,
        42971136,
        42971136,
        42971136,
        42971136,
        42971136,
        42971136,
        42971136,
        42971136,
        42971136,
        42971136,
        42971136,
        42971136,
        42971136,
        42971136,
        42971136
      ],
      "exit_codes": [
        0,
        0,
        0,
        0,
        0,
        0,
        0,
        0,
        0,
        0,
        0,
        0,
        0,
        0,
        0,
        0,
        0,
        0,
        0,
        0,
        0,
        0,
        0,
        0,
        0,
        0,
        0,
        0,
        0,
        0,
        0,
        0,
        0,
        0,
        0,
        0,
        0,
        0,
        0,
        0,
        0,
        0,
        0,
        0,
        0,
        0,
        0,
        0,
        0,
        0,
        0
      ]
    },
    {
      "command": "./bin/swc_antd",
      "mean": 0.12404885157333334,
      "stddev": 0.0006088060137752659,
      "median": 0.12398259524,
      "user": 0.09279741166666668,
      "system": 0.031159444999999994,
      "min": 0.12273666174,
      "max": 0.12512730774,
      "times": [
        0.12336741274,
        0.12335673474,
        0.12409889274,
        0.12494509774000001,
        0.12350746574,
        0.12385535674,
        0.12364035374,
        0.12402680774,
        0.12337691074,
        0.12273666174,
        0.12442995273999999,
        0.12388200674,
        0.12463031774,
        0.12361627774,
        0.12432237074000001,
        0.12393838274,
        0.12427387074,
        0.12344559974,
        0.12443262774,
        0.12456004574000001,
        0.12512730774,
        0.12389618374,
        0.12476175374000001,
        0.12494404574000001
      ],
      "memory_usage_byte": [
        70565888,
        70565888,
        70565888,
        70565888,
        70565888,
        70565888,
        70565888,
        70565888,
        70565888,
        70565888,
        70565888,
        70565888,
        70565888,
        70565888,
        70565888,
        70565888,
        70565888,
        70565888,
        70565888,
        70565888,
        70565888,
        70565888,
        70565888,
        70565888
      ],
      "exit_codes": [
        0,
        0,
        0,
        0,
        0,
        0,
        0,
        0,
        0,
        0,
        0,
        0,
        0,
        0,
        0,
        0,
        0,
        0,
        0,
        0,
        0,
        0,
        0,
        0
      ]
    }
  ]
}
