{
  "results": [
    {
      "command": "./bin/yuku_antd",
      "mean": 0.02084990249649124,
      "stddev": 0.00030868181175291407,
      "median": 0.0208359729,
      "user": 0.01930150245614035,
      "system": 0.0013625814035087718,
      "min": 0.0204802434,
      "max": 0.0235206604,
      "times": [
        0.0235206604,
        0.0212499514,
        0.020612202399999998,
        0.0208924094,
        0.0208958274,
        0.0206780354,
        0.0207589934,
        0.0207441184,
        0.0208967434,
        0.0207759514,
        0.0207759514,
        0.0210507854,
        0.0205591184,
        0.0207289934,
        0.020557493399999998,
        0.0207622854,
        0.0208979094,
        0.0209413684,
        0.0209508274,
        0.0211487024,
        0.0208882434,
        0.020782993399999998,
        0.0209103684,
        0.0208407434,
        0.0209221604,
        0.0207954514,
        0.0207159524,
        0.0207383274,
        0.0206770764,
        0.0208998684,
        0.0208889104,
        0.0207399934,
        0.0206178684,
        0.0208392434,
        0.0207007434,
        0.0206324934,
        0.0209061184,
        0.0208504524,
        0.0210810764,
        0.0208712434,
        0.0210247024,
        0.0208559094,
        0.0209610774,
        0.0206575774,
        0.0207187014,
        0.020799577399999998,
        0.0208651604,
        0.0209427854,
        0.0207692014,
        0.0205931184,
        0.0208830354,
        0.0206409514,
        0.0208344934,
        0.020907868399999998,
        0.0205502434,
        0.0207324524,
        0.0208657014,
        0.020751743399999998,
        0.0205610354,
        0.0208900764,
        0.0209122434,
        0.0211566604,
        0.0209939514,
        0.0207184934,
        0.0207940344,
        0.0204937854,
        0.0208589524,
        0.0206585764,
        0.0209383684,
        0.0208622434,
        0.0207644524,
        0.0205023264,
        0.0209423684,
        0.0206233274,
        0.020654868399999998,
        0.0206136604,
        0.0207060344,
        0.0207889934,
        0.0208244934,
        0.0213529934,
        0.020708035399999998,
        0.0208658264,
        0.0208401604,
        0.0206627854,
        0.0208992854,
        0.0207933274,
        0.0207774514,
        0.0209588684,
        0.0211442014,
        0.0209143684,
        0.0208184934,
        0.0204990354,
        0.0208636604,
        0.0208324524,
        0.0210394934,
        0.0208612024,
        0.0208004524,
        0.0209975764,
        0.0209220764,
        0.0206914934,
        0.0208251604,
        0.0204845764,
        0.0204802434,
        0.0211380774,
        0.0213906604,
        0.0212064524,
        0.0209638264,
        0.0208374524,
        0.0205627434,
        0.020911493399999998,
        0.0210147434,
        0.0207124934,
        0.0211552024,
        0.0206516184
      ],
      "memory_usage_byte": [
        32702464,
        32702464,
        32702464,
        32702464,
        32702464,
        32702464,
        32702464,
        32702464,
        32702464,
        32702464,
        32702464,
        32702464,
        32702464,
        32702464,
        32702464,
        32702464,
        32702464,
        32702464,
        32702464,
        32702464,
        32702464,
        32702464,
        32702464,
        32702464,
        32702464,
        32702464,
        32702464,
        32702464,
        32702464,
        32702464,
        32702464,
        32702464,
        32702464,
        32702464,
        32702464,
        32702464,
        32702464,
        32702464,
        32702464,
        32702464,
        32702464,
        32702464,
        32702464,
        32702464,
        32702464,
        32702464,
        32702464,
        32702464,
        32702464,
        32702464,
        32702464,
        32702464,
        32702464,
        32702464,
        32702464,
        32702464,
        32702464,
        32702464,
        32702464,
        32702464,
        32702464,
        32702464,
        32702464,
        32702464,
        32702464,
        32702464,
        32702464,
        32702464,
        32702464,
        32702464,
        32702464,
        32702464,
        32702464,
        32702464,
        32702464,
        32702464,
        32702464,
        32702464,
        32702464,
        32702464,
        32702464,
        32702464,
        32702464,
        32702464,
        32702464,
        32702464,
        32702464,
        32702464,
        32702464,
        32702464,
        32702464,
        32702464,
        32702464,
        32702464,
        32702464,
        32702464,
        32702464,
        32702464,
        32702464,
        32702464,
        32702464,
        32702464,
        32702464,
        32702464,
        32702464,
        32702464,
        32702464,
        32702464,
        32702464,
        32702464,
        32702464,
        32702464,
        32702464,
        32702464
      ],
      "exit_codes": [
        0,
        0,
        0,
        0,
        0,
        0,
        0,
        0,
        0,
        0,
        0,
        0,
        0,
        0,
        0,
        0,
        0,
        0,
        0,
        0,
        0,
        0,
        0,
        0,
        0,
        0,
        0,
        0,
        0,
        0,
        0,
        0,
        0,
        0,
        0,
        0,
        0,
        0,
        0,
        0,
        0,
        0,
        0,
        0,
        0,
        0,
        0,
        0,
        0,
        0,
        0,
        0,
        0,
        0,
        0,
        0,
        0,
        0,
        0,
        0,
        0,
        0,
        0,
        0,
        0,
        0,
        0,
        0,
        0,
        0,
        0,
        0,
        0,
        0,
        0,
        0,
        0,
        0,
        0,
        0,
        0,
        0,
        0,
        0,
        0,
        0,
        0,
        0,
        0,
        0,
        0,
        0,
        0,
        0,
        0,
        0,
        0,
        0,
        0,
        0,
        0,
        0,
        0,
        0,
        0,
        0,
        0,
        0,
        0,
        0,
        0,
        0,
        0,
        0
      ]
    },
    {
      "command": "./bin/oxc_antd",
      "mean": 0.021820186558878504,
      "stddev": 0.0013392919936372901,
      "median": 0.0213080764,
      "user": 0.019238879813084118,
      "system": 0.0021958143925233644,
      "min": 0.0209430764,
      "max": 0.0279866604,