{
  "results": [
    {
      "command": "./bin/yuku_antd",
      "mean": 0.060168570243265294,
      "stddev": 0.00030703088124251615,
      "median": 0.06011143008000001,
      "user": 0.04785941877551021,
      "system": 0.012250548163265306,
      "min": 0.05969373708,
      "max": 0.06138320508,
      "times": [
        0.06010731308000001,
        0.06000153308000001,
        0.05996547608,
        0.06033369008000001,
        0.06036491008000001,
        0.06026401908000001,
        0.06007173608000001,
        0.05997380108000001,
        0.06019468808,
        0.06031736008000001,
        0.06068192708,
        0.060598820080000004,
        0.06011143008000001,
        0.060250223080000005,
        0.05982411808000001,
        0.060235866080000006,
        0.060013326080000005,
        0.05977311308000001,
        0.059774836080000004,
        0.060225477080000006,
        0.06138320508,
        0.060137484080000005,
        0.06007973508000001,
        0.059986960080000006,
        0.06032577908000001,
        0.06024370508000001,
        0.059937747080000006,
        0.05999594708000001,
        0.06053783008000001,
        0.060053946080000004,
        0.060109311080000005,
        0.059803454080000006,
        0.06039781608000001,
        0.05986391808000001,
        0.060591791080000006,
        0.06035662808000001,
        0.06022388708,
        0.060361036080000006,
        0.060104462080000004,
        0.059834854080000006,
        0.05969373708,
        0.059969337080000004,
        0.06020487108000001,
        0.059825776080000004,
        0.059975740080000006,
        0.059846365080000005,
        0.060157361080000006,
        0.06078566708000001,
        0.06038792708000001
      ],
      "memory_usage_byte": [
        31940608,
        31940608,
        31940608,
        31940608,
        31940608,
        31940608,
        31940608,
        31940608,
        31940608,
        31940608,
        31940608,
        31940608,
        31940608,
        31940608,
        31940608,
        31940608,
        31940608,
        31940608,
        31940608,
        31940608,
        31940608,
        31940608,
        31940608,
        31940608,
        31940608,
        31940608,
        31940608,
        31940608,
        31940608,
        31940608,
        31940608,
        31940608,
        31940608,
        31940608,
        31940608,
        31940608,
        31940608,
        31940608,
        31940608,
        31940608,
        31940608,
        31940608,
        31940608,
        31940608,
        31940608,
        31940608,
        31940608,
        31940608,
        31940608
      ],
      "exit_codes": [
        0,
        0,
        0,
        0,
        0,
        0,
        0,
        0,
        0,
        0,
        0,
        0,
        0,
        0,
        0,
        0,
        0,
        0,
        0,
        0,
        0,
        0,
        0,
        0,
        0,
        0,
        0,
        0,
        0,
        0,
        0,
        0,
        0,
        0,
        0,
        0,
        0,
        0,
        0,
        0,
        0,
        0,
        0,
        0,
        0,
        0,
        0,
        0,
        0
      ]
    },
    {
      "command": "./bin/oxc_antd",
      "mean": 0.06153628924666665,
      "stddev": 0.0008901829173361606,
      "median": 0.061413730080000006,
      "user": 0.04289083416666667,
      "system": 0.01858836916666666,
      "min": 0.06051048608000001,
      "max": 0.06636079507999999,
      "times": [
        0.060653898080000004,
        0.061111079080000005,
        0.06073835608000001,
        0.06118657208000001,
        0.06051048608000001,
        0.061529359080000005,
        0.06157183908,
        0.06105837008000001,
        0.060721475080000004,
        0.06121432508000001,
        0.06223022108,
        0.06199866408000001,
        0.061967085080000005,
        0.061231637080000005,
        0.06158052608,
        0.06187911908000001,
        0.060952911080000005,
        0.060914969080000006,
        0.060720262080000004,
        0.060960676080000005,
        0.06123825008000001,
        0.06106772808000001,
        0.061559916080000006,
        0.06320453008,
        0.060908117080000004,
        0.06149263908000001,
        0.061329902080000005,
        0.06116314808000001,
        0.06188227508,
        0.061336795080000006,
        0.06097344008,
        0.06120285308000001,
        0.06103449408000001,
        0.06256824908,
        0.06123633608000001,
        0.06636079507999999,
        0.06153922708000001,
        0.06208118008000001,
        0.06219321208000001,
        0.06161091308,
        0.06153705308000001,
        0.061565957080000004,
        0.06228283108000001,
        0.06097981208000001,
        0.06164591808000001,
        0.061739165080000005,
        0.06178465108000001,
        0.061490665080000007
      ],
      "memory_usage_byte": [
        42971136,
        42971136,
        42971136,
        42971136,
        42971136,
        42971136,
        42971136,
        42971136,
        42971136,
        42971136,
        42971136,
        42971136,
        42971136,
        42971136,
        42971136,
        42971136,
        42971136,
        42971136,
        42971136,
        42971136,
        42971136,
        42971136,
        42971136,
        42971136,
        42971136,
        42971136,
        42971136,
        42971136,
        42971136,
        42971136,
        42971136,
        42971136,
        42971136,
        42971136,
        42971136,
        42971136,
        42971136,
        42971136,
        42971136,
        42971136,
        42971136,
        42971136,
        42971136,
        42971136,
        42971136,
        42971136,
        42971136,
        42971136
      ],
      "exit_codes": [
        0,
        0,
        0,
        0,
        0,
        0,
        0,
        0,
        0,
        0,
        0,
        0,
        0,
        0,
        0,
        0,
        0,
        0,
        0,
        0,
        0,
        0,
        0,
        0,
        0,
        0,
        0,
        0,
        0,
        0,
        0,
        0,
        0,
        0,
        0,
        0,
        0,
        0,
        0,
        0,
        0,
        0,
        0,
        0,
        0,
        0,
        0,
        0
      ]
    },
    {
      "command": "./bin/swc_antd",
      "mean": 0.12890200968869572,
      "stddev": 0.0009228408798622277,
      "median": 0.12899075508000002,
      "user": 0.09894108869565219,
      "system": 0.029872400869565215,
      "min": 0.12671319308,
      "max": 0.13104885808000002,
      "times": [
        0.12952360308000002,
        0.12848043208,
        0.12890486308000002,
        0.12991143308000003,
        0.12885770408000002,
        0.12942078708000002,
        0.12911231508,
        0.12932570808000002,
        0.12946000108000003,
        0.12923853408000002,
        0.12916109608,
        0.12788298508,
        0.12716856808000002,
        0.12968607708000002,
        0.13104885808000002,
        0.12888877308000002,
        0.12899075508000002,
        0.12870471708000003,
        0.12870332308000001,
        0.12948828408000002,
        0.12671319308,
        0.12773527708000001,
        0.12833893508000002
      ],
      "memory_usage_byte": [
        70557696,
        70557696,
        70557696,
        70557696,
        70606848,
        70606848,
        70606848,
        70606848,
        70606848,
        70606848,
        70606848,
        70606848,
        70606848,
        70606848,
        70606848,
        70606848,
        70606848,
        70606848,
        70606848,
        70606848,
        70606848,
        70606848,
        70606848
      ],