{
  "results": [
    {
      "command": "./bin/yuku_antd",
      "mean": 0.020868624474920633,
      "stddev": 0.00024386445606533501,
      "median": 0.020840452840000002,
      "user": 0.019344030158730166,
      "system": 0.0013245342857142856,
      "min": 0.020405785840000003,
      "max": 0.021895993840000003,
      "times": [
        0.020951451840000003,
        0.02100599484,
        0.020898035840000002,
        0.02091391084,
        0.020405785840000003,
        0.02107366084,
        0.020742535840000003,
        0.02073336984,
        0.020905035840000002,
        0.020790660840000003,
        0.020959743840000003,
        0.021181368840000003,
        0.020857452840000002,
        0.02048728584,
        0.02065457784,
        0.020614952840000002,
        0.02100445284,
        0.02055732784,
        0.02061778584,
        0.020965202840000002,
        0.02083807784,
        0.02067724484,
        0.02058845284,
        0.020857952840000003,
        0.02110691084,
        0.02168611884,
        0.021306493840000003,
        0.02132261984,
        0.02107586884,
        0.02102011984,
        0.020983118840000002,
        0.02093178584,
        0.020726243840000002,
        0.02077645284,
        0.02111849484,
        0.02104591084,
        0.020822326840000002,
        0.02076441084,
        0.020842119840000003,
        0.02075795184,
        0.02072382784,
        0.02090836884,
        0.02043928584,
        0.02088382784,
        0.02075724384,
        0.02072107784,
        0.02080328584,
        0.020631035840000003,
        0.02061882684,
        0.021895993840000003,
        0.02104320284,
        0.02115682784,
        0.02110516084,
        0.02084482684,
        0.02107845284,
        0.02067911884,
        0.02090624484,
        0.02117757784,
        0.020673702840000002,
        0.020780701840000002,
        0.02095382784,
        0.020838785840000002,
        0.02086878584,
        0.02105920184,
        0.02081807784,
        0.021309327840000003,
        0.02075886884,
        0.02107586884,
        0.02133382784,
        0.02130666084,
        0.020571244840000003,
        0.02098174384,
        0.02076895284,
        0.02108378584,
        0.021052077840000002,
        0.020993993840000003,
        0.02124120284,
        0.02155632784,
        0.02059507684,
        0.020705452840000003,
        0.02086766084,
        0.02070441084,
        0.02087257784,
        0.020849910840000003,
        0.02079878584,
        0.02055386884,
        0.021128201840000003,
        0.020643743840000003,
        0.020689910840000002,
        0.02053370284,
        0.02075416084,
        0.02076724384,
        0.020591368840000002,
        0.02063303584,
        0.02070220184,
        0.02055424384,
        0.02054528584,
        0.02085178584,
        0.020876118840000003,
        0.02086399484,
        0.02055099384,
        0.020948743840000002,
        0.020994535840000002,
        0.02071774484,
        0.02060416084,
        0.02070070284,
        0.02084403584,
        0.020688077840000003,
        0.02055728584,
        0.02081882784,
        0.021179826840000002,
        0.020761869840000002,
        0.020801451840000002,
        0.020757618840000002,
        0.02067986984,
        0.02104745284,
        0.02083003584,
        0.02110832684,
        0.02081549384,
        0.020616243840000003,
        0.02107682684,
        0.020943285840000003,
        0.021097868840000002,
        0.02073520284,
        0.02088341084,
        0.020633618840000003
      ],
      "memory_usage_byte": [
        32686080,
        32686080,
        32686080,
        32686080,
        32686080,
        32686080,
        32686080,
        32686080,
        32686080,
        32686080,
        32686080,
        32686080,
        32686080,
        32686080,
        32686080,
        32686080,
        32686080,
        32686080,
        32686080,
        32686080,
        32686080,
        32686080,
        32686080,
        32686080,
        32686080,
        32686080,
        32686080,
        32686080,
        32686080,
        32686080,
        32686080,
        32686080,
        32686080,
        32686080,
        32686080,
        32686080,
        32686080,
        32686080,
        32686080,
        32686080,
        32686080,
        32686080,
        32686080,
        32686080,
        32686080,
        32686080,
        32686080,
        32686080,
        32686080,
        32686080,
        32686080,
        32686080,
        32686080,
        32686080,
        32686080,
        32686080,
        32686080,
        32686080,
        32686080,
        32686080,
        32686080,
        32686080,
        32686080,
        32686080,
        32686080,
        32686080,
        32686080,
        32686080,
        32686080,
        32686080,
        32686080,
        32686080,
        32686080,
        32686080,
        32686080,
        32686080,
        32686080,
        32686080,
        32686080,
        32686080,
        32686080,
        32686080,
        32686080,
        32686080,
        32686080,
        32686080,
        32686080,
        32686080,
        32686080,
        32686080,
        32686080,
        32686080,
        32686080,
        32686080,
        32686080,
        32686080,
        32686080,
        32686080,
        32686080,
        32686080,
        32686080,
        32686080,
        32686080,
        32686080,
        32686080,
        32686080,
        32686080,
        32686080,
        32686080,
        32686080,
        32686080,
        32686080,
        32686080,
        32686080,
        32686080,
        32686080,
        32686080,
        32686080,
        32686080,
        32686080,
        32686080,
        32686080,
        32686080,
        32686080,
        32686080,
        32686080
      ],
      "exit_codes": [
        0,
        0,
        0,
        0,
        0,
        0,
        0,
        0,
        0,
        0,
        0,
        0,
        0,
        0,
        0,
        0,
        0,
        0,
        0,
        0,
        0,
        0,
        0,
        0,
        0,
        0,
        0,
        0,
        0,
        0,
        0,
        0,
        0,
        0,
        0,
        0,
        0,
        0,
        0,
        0,
        0,
        0,
        0,
        0,
        0,
        0,
        0,
        0,
        0,
        0,
        0,
        0,
        0,
        0,
        0,
        0,
        0,
        0,
        0,
        0,
        0,
        0,
        0,
        0,
        0,
        0,
        0,
        0,
        0,
        0,
        0,
        0,
        0,
        0,
        0,
        0,
        0,
        0,
        0,
        0,
        0,
        0,
        0,
        0,
        0,
        0,
        0,
        0,
        0,
        0,
        0,
        0,
        0,
        0,
        0,
        0,
        0,
        0,
        0,
        0,
        0,
        0,
        0,
        0,
        0,
        0,
        0,
        0,
        0,
        0,
        0,
        0,
        0,
        0,
        0,
        0,
        0,
        0,
        0,
        0,
        0,
        0,
        0,
        0,
        0,
        0
      ]
    },
    {
      "command": "./bin/oxc_antd",
      "mean": 0.021187019587967485,
      "stddev": 0.00023930716868180436,
      "median": 0.02113866084,
      "user": 0.018883673983739843,
      "system": 0.0020126126829268305,
      "min": 0.02084899384,
      "max": 0.02243303584,