{
  "results": [
    {
      "command": "./bin/yuku_typescript",
      "mean": 0.07988555453297297,
      "stddev": 0.0006242952670448353,
      "median": 0.07972019456000001,
      "user": 0.06293734324324325,
      "system": 0.016851169189189184,
      "min": 0.07912902656000001,
      "max": 0.08256841556000001,
      "times": [
        0.07954703656,
        0.08014000556,
        0.08005723056000001,
        0.08015990256000001,
        0.08012658956000002,
        0.07990465756000001,
        0.07969661156,
        0.07981014256,
        0.08005468656,
        0.07957932356000001,
        0.07969643056000002,
        0.07944522256000001,
        0.07974842756000002,
        0.07972563456000001,
        0.07942973556,
        0.07994559456000001,
        0.07969158256000002,
        0.07912902656000001,
        0.08069114856000001,
        0.07972019456000001,
        0.07941006956,
        0.07979245956000001,
        0.07949690056000001,
        0.07944492456,
        0.07931204656000002,
        0.07969641056000001,
        0.07948366656000001,
        0.07987561456000002,
        0.08256841556000001,
        0.08157113456000001,
        0.08023853756000002,
        0.08021450256000001,
        0.07954227456000001,
        0.07955849556000001,
        0.07958617556000001,
        0.07967043256000002,
        0.08000427256
      ],
      "memory_usage_byte": [
        41652224,
        41652224,
        41652224,
        41652224,
        41652224,
        41652224,
        41652224,
        41652224,
        41652224,
        41652224,
        41652224,
        41652224,
        41652224,
        41652224,
        41652224,
        41652224,
        41652224,
        41652224,
        41652224,
        41652224,
        41652224,
        41652224,
        41652224,
        41652224,
        41652224,
        41652224,
        41652224,
        41652224,
        41652224,
        41652224,
        41652224,
        41652224,
        41652224,
        41652224,
        41652224,
        41652224,
        41652224
      ],
      "exit_codes": [
        0,
        0,
        0,
        0,
        0,
        0,
        0,
        0,
        0,
        0,
        0,
        0,
        0,
        0,
        0,
        0,
        0,
        0,
        0,
        0,
        0,
        0,
        0,
        0,
        0,
        0,
        0,
        0,
        0,
        0,
        0,
        0,
        0,
        0,
        0,
        0,
        0
      ]
    },
    {
      "command": "./bin/oxc_typescript",
      "mean": 0.07211898853560977,
      "stddev": 0.0006580228330212217,
      "median": 0.07207015556000002,
      "user": 0.05026075853658535,
      "system": 0.02179463853658536,
      "min": 0.07143540156000001,
      "max": 0.07579965056000001,
      "times": [
        0.07212709856,
        0.07579965056000001,
        0.07237879856000001,
        0.07237879556000001,
        0.07143540156000001,
        0.07176264156,
        0.07243552156000001,
        0.07232593856000001,
        0.07213163756000002,
        0.07223535056000001,
        0.07187821756000001,
        0.07195289556000001,
        0.07178296056000001,
        0.07162597856000001,
        0.07241248856000002,
        0.07223409856000002,
        0.07252327556000002,
        0.07242762756000001,
        0.07211140056000001,
        0.07164149656000002,
        0.07183754156000001,
        0.07249402056000001,
        0.07200165656000002,
        0.07234237856000002,
        0.07233756956000001,
        0.07168998756000002,
        0.07208735756000001,
        0.07175675156000001,
        0.07195883656000002,
        0.07214778756000001,
        0.07207317856,
        0.07191133556000001,
        0.07227592556000001,
        0.07167895656,
        0.07192577556000002,
        0.07179482256000001,
        0.07199278056000001,
        0.07156561656000002,
        0.07151505256000001,
        0.07207015556000002,
        0.07181976856000001
      ],
      "memory_usage_byte": [
        55427072,
        55427072,
        55427072,
        55427072,
        55427072,
        55427072,
        55427072,
        55427072,
        55427072,
        55427072,
        55427072,
        55427072,
        55427072,
        55427072,
        55427072,
        55427072,
        55427072,
        55427072,
        55427072,
        55427072,
        55427072,
        55427072,
        55427072,
        55427072,
        55427072,
        55427072,
        55427072,
        55427072,
        55427072,
        55427072,
        55427072,
        55427072,
        55427072,
        55427072,
        55427072,
        55427072,
        55427072,
        55427072,
        55427072,
        55427072,
        55427072
      ],
      "exit_codes": [
        0,
        0,
        0,
        0,
        0,
        0,
        0,
        0,
        0,
        0,
        0,
        0,
        0,
        0,
        0,
        0,
        0,
        0,
        0,
        0,
        0,
        0,
        0,
        0,
        0,
        0,
        0,
        0,
        0,
        0,
        0,
        0,
        0,
        0,
        0,
        0,
        0,
        0,
        0,
        0,
        0
      ]
    },
    {
      "command": "./bin/swc_typescript",
      "mean": 0.15896607850444447,
      "stddev": 0.0015578654622721482,
      "median": 0.15885648256,
      "user": 0.11790087777777776,
      "system": 0.04098931333333334,
      "min": 0.15675320256000003,
      "max": 0.16326496856000003,
      "times": [
        0.16020212056000002,
        0.16326496856000003,
        0.15992392356000001,
        0.15786012156,
        0.15867943256000003,
        0.15729404056000001,
        0.15970499756,
        0.15966229856000003,
        0.16053987856000002,
        0.15900805356000003,
        0.15899882056,
        0.15834999656,
        0.15871414456000002,
        0.15714306556000002,
        0.15724416356,
        0.15675320256000003,
        0.15828613856,
        0.15976004556
      ],
      "memory_usage_byte": [
        94064640,
        94064640,
        94064640,
        94064640,
        94064640,
        94064640,
        94064640,
        94064640,
        94064640,
        94064640,
        94064640,
        94064640,
        94064640,
        94064640,
        94064640,
        94064640,
        94064640,
        94064640
      ],
      "exit_codes": [
        0,
        0,
        0,
        0,
        0,
        0,
        0,
        0,
        0,
        0,
        0,
        0,
        0,
        0,
        0,
        0,
        0,
        0
      ]
    },
    {
      "command": "./bin/jam_typescript",
      "mean": 0.1849020407475,
      "stddev": 0.0005096605255862284,
      "median": 0.18506594756,
      "user": 0.10194303749999999,
      "system": 0.082872855,
      "min": 0.18394306756,
      "max": 0.18584519956,
      "times": [
        0.18401624356000001,
        0.18504067556,
        0.18394306756,
        0.18521517956000003,
        0.18436393856000002,
        0.18450147356000002,
        0.18511842056000002,
        0.18509877356,
        0.18541867756000002,
        0.18533008356000003,
        0.18460312356000003,
        0.18474668956,
        0.18499281656000002,
        0.18510706956000003,
        0.18509121956000002,
        0.18584519956
      ],
      "memory_usage_byte": [
        195129344,
        195129344,
        195129344,
        195129344,
        195129344,
        195129344,
        195129344,
        195129344,
        195129344,
        195129344,
        195129344,
        195129344,
        195129344,
        195129344,
        195129344,
        195129344
      ],
      "exit_codes": [
        0,
        0,
        0,
        0,
        0,
        0,
        0,
        0,
        0,
        0,
        0,
        0,
        0,
        0,
        0,
        0
      ]
    }
  ]
}
