{
  "results": [
    {
      "command": "./bin/yuku_typescript",
      "mean": 0.07846872955263158,
      "stddev": 0.0005048128411540091,
      "median": 0.078606456,
      "user": 0.05783067578947368,
      "system": 0.020567885263157896,
      "min": 0.07766076200000001,
      "max": 0.080130301,
      "times": [
        0.077881353,
        0.07786607,
        0.07789328200000001,
        0.079272409,
        0.078956753,
        0.078581338,
        0.07881508,
        0.078073874,
        0.078392683,
        0.080130301,
        0.078798345,
        0.078648499,
        0.07780838400000001,
        0.07782950500000001,
        0.078879937,
        0.078627107,
        0.07774552900000001,
        0.078765255,
        0.078451232,
        0.078666836,
        0.077916667,
        0.078588238,
        0.07766076200000001,
        0.078692605,
        0.078663923,
        0.078624674,
        0.07845634,
        0.07854316,
        0.078839697,
        0.078839406,
        0.078070689,
        0.077918359,
        0.078707047,
        0.077868634,
        0.07866448300000001,
        0.078100274,
        0.07880464400000001,
        0.078768349
      ],
      "memory_usage_byte": [
        41660416,
        41660416,
        41660416,
        41660416,
        41660416,
        41660416,
        41660416,
        41660416,
        41660416,
        41660416,
        41660416,
        41660416,
        41660416,
        41660416,
        41660416,
        41660416,
        41660416,
        41660416,
        41660416,
        41660416,
        41660416,
        41660416,
        41660416,
        41660416,
        41660416,
        41660416,
        41660416,
        41660416,
        41660416,
        41660416,
        41660416,
        41660416,
        41660416,
        41660416,
        41660416,
        41660416,
        41660416,
        41660416
      ],
      "exit_codes": [
        0,
        0,
        0,
        0,
        0,
        0,
        0,
        0,
        0,
        0,
        0,
        0,
        0,
        0,
        0,
        0,
        0,
        0,
        0,
        0,
        0,
        0,
        0,
        0,
        0,
        0,
        0,
        0,
        0,
        0,
        0,
        0,
        0,
        0,
        0,
        0,
        0,
        0
      ]
    },
    {
      "command": "./bin/oxc_typescript",
      "mean": 0.0830803677777778,
      "stddev": 0.0005478328904112536,
      "median": 0.0829541025,
      "user": 0.05599327666666666,
      "system": 0.02701386333333334,
      "min": 0.082295094,
      "max": 0.085033309,
      "times": [
        0.082295094,
        0.08242672300000001,
        0.082837723,
        0.082897913,
        0.082875109,
        0.083240649,
        0.082802129,
        0.082825143,
        0.083137774,
        0.08303569,
        0.082855759,
        0.082944243,
        0.083293409,
        0.08367906,
        0.083402503,
        0.082847347,
        0.085033309,
        0.082580424,
        0.082648807,
        0.082963962,
        0.082380684,
        0.084111226,
        0.082998153,
        0.083792641,
        0.082938664,
        0.082995139,
        0.083100899,
        0.082943431,
        0.083800842,
        0.08370506900000001,
        0.082854247,
        0.083047178,
        0.083714082,
        0.082966496,
        0.082486924,
        0.082434795
      ],
      "memory_usage_byte": [
        55398400,
        55398400,
        55398400,
        55398400,
        55398400,
        55398400,
        55398400,
        55398400,
        55398400,
        55398400,
        55398400,
        55398400,
        55398400,
        55398400,
        55398400,
        55398400,
        55398400,
        55398400,
        55398400,
        55398400,
        55398400,
        55398400,
        55398400,
        55398400,
        55398400,
        55398400,
        55398400,
        55398400,
        55398400,
        55398400,
        55398400,
        55398400,
        55398400,
        55398400,
        55398400,
        55398400
      ],
      "exit_codes": [
        0,
        0,
        0,
        0,
        0,
        0,
        0,
        0,
        0,
        0,
        0,
        0,
        0,
        0,
        0,
        0,
        0,
        0,
        0,
        0,
        0,
        0,
        0,
        0,
        0,
        0,
        0,
        0,
        0,
        0,
        0,
        0,
        0,
        0,
        0,
        0
      ]
    },
    {
      "command": "./bin/swc_typescript",
      "mean": 0.1834296985,
      "stddev": 0.006574928652085465,
      "median": 0.18157634,
      "user": 0.12882485999999999,
      "system": 0.05450528,
      "min": 0.18055242800000001,
      "max": 0.207883273,
      "times": [
        0.18129984300000002,
        0.182296814,
        0.181494937,
        0.181644743,
        0.181206423,
        0.182046978,
        0.181430891,
        0.207883273,
        0.18213073500000002,
        0.18089659600000002,
        0.18055242800000001,
        0.18140867700000002,
        0.181988851,
        0.18299221100000002,
        0.181507937,
        0.184093839
      ],
      "memory_usage_byte": [
        94093312,
        94093312,
        94093312,
        94093312,
        94093312,
        94093312,
        94093312,
        94093312,
        94093312,
        94093312,
        94093312,
        94093312,
        94093312,
        94093312,
        94093312,
        94093312
      ],
      "exit_codes": [
        0,
        0,
        0,
        0,
        0,
        0,
        0,
        0,
        0,
        0,
        0,
        0,
        0,
        0,
        0,
        0
      ]
    },
    {
      "command": "./bin/jam_typescript",
      "mean": 0.2169846235,
      "stddev": 0.009365856446915123,
      "median": 0.21422435900000003,
      "user": 0.12011600285714286,
      "system": 0.09674306571428569,
      "min": 0.212153277,
      "max": 0.248696134,
      "times": [
        0.212922886,
        0.213471303,
        0.213186643,
        0.248696134,
        0.220759689,
        0.21378171,
        0.212153277,
        0.212870788,
        0.215270812,
        0.214635516,
        0.214305549,
        0.215523672,
        0.21414316900000002,
        0.216063581
      ],
      "memory_usage_byte": [
        195137536,
        195137536,
        195137536,
        195137536,
        195137536,
        195137536,
        195137536,
        195137536,
        195137536,
        195137536,
        195137536,
        195137536,
        195137536,
        195137536
      ],
      "exit_codes": [
        0,
        0,
        0,
        0,
        0,
        0,
        0,
        0,
        0,
        0,
        0,
        0,
        0,
        0
      ]
    }
  ]
}
