{
  "results": [
    {
      "command": "./bin/yuku_typescript",
      "mean": 0.07773746392105263,
      "stddev": 0.0010607025337436174,
      "median": 0.0776210895,
      "user": 0.06060985578947369,
      "system": 0.017063245263157896,
      "min": 0.076623471,
      "max": 0.083627109,
      "times": [
        0.076635333,
        0.076623471,
        0.077257685,
        0.078417538,
        0.077891627,
        0.083627109,
        0.07679988,
        0.077270839,
        0.077151776,
        0.0771431,
        0.078147074,
        0.07816005,
        0.077929114,
        0.077715566,
        0.077694015,
        0.078112336,
        0.07788401,
        0.077647198,
        0.077406189,
        0.077523438,
        0.077469016,
        0.077835389,
        0.077673377,
        0.077600621,
        0.07754409599999999,
        0.077635226,
        0.077547663,
        0.077425846,
        0.077769437,
        0.077182521,
        0.077436856,
        0.077780667,
        0.078147592,
        0.077336929,
        0.077844887,
        0.077606953,
        0.077863642,
        0.077285563
      ],
      "memory_usage_byte": [
        41656320,
        41656320,
        41656320,
        41656320,
        41656320,
        41656320,
        41656320,
        41656320,
        41656320,
        41656320,
        41656320,
        41656320,
        41656320,
        41656320,
        41656320,
        41656320,
        41656320,
        41656320,
        41656320,
        41656320,
        41656320,
        41656320,
        41656320,
        41656320,
        41656320,
        41656320,
        41656320,
        41656320,
        41656320,
        41656320,
        41656320,
        41656320,
        41656320,
        41656320,
        41656320,
        41656320,
        41656320,
        41656320
      ],
      "exit_codes": [
        0,
        0,
        0,
        0,
        0,
        0,
        0,
        0,
        0,
        0,
        0,
        0,
        0,
        0,
        0,
        0,
        0,
        0,
        0,
        0,
        0,
        0,
        0,
        0,
        0,
        0,
        0,
        0,
        0,
        0,
        0,
        0,
        0,
        0,
        0,
        0,
        0,
        0
      ]
    },
    {
      "command": "./bin/oxc_typescript",
      "mean": 0.0770335287368421,
      "stddev": 0.0007197171507699873,
      "median": 0.0771428955,
      "user": 0.055048303157894725,
      "system": 0.02192014,
      "min": 0.075517343,
      "max": 0.078501329,
      "times": [
        0.077496836,
        0.077503939,
        0.07838323999999999,
        0.077324665,
        0.077146873,
        0.077782466,
        0.077540187,
        0.07719918,
        0.077139239,
        0.077219027,
        0.078163129,
        0.077146552,
        0.078501329,
        0.077818847,
        0.077664709,
        0.076795407,
        0.076188305,
        0.075854361,
        0.076754962,
        0.076292368,
        0.075517343,
        0.076273232,
        0.076860348,
        0.077648331,
        0.076964973,
        0.076713644,
        0.076345799,
        0.076461825,
        0.076253854,
        0.076071086,
        0.076008248,
        0.076246363,
        0.076949174,
        0.077341967,
        0.077243293,
        0.076940908,
        0.077573602,
        0.077944481
      ],
      "memory_usage_byte": [
        55402496,
        55402496,
        55402496,
        55402496,
        55402496,
        55402496,
        55402496,
        55402496,
        55402496,
        55402496,
        55402496,
        55402496,
        55402496,
        55402496,
        55402496,
        55402496,
        55402496,
        55402496,
        55402496,
        55402496,
        55402496,
        55402496,
        55402496,
        55402496,
        55402496,
        55402496,
        55402496,
        55402496,
        55402496,
        55402496,
        55402496,
        55402496,
        55402496,
        55402496,
        55402496,
        55402496,
        55402496,
        55402496
      ],
      "exit_codes": [
        0,
        0,
        0,
        0,
        0,
        0,
        0,
        0,
        0,
        0,
        0,
        0,
        0,
        0,
        0,
        0,
        0,
        0,
        0,
        0,
        0,
        0,
        0,
        0,
        0,
        0,
        0,
        0,
        0,
        0,
        0,
        0,
        0,
        0,
        0,
        0,
        0,
        0
      ]
    },
    {
      "command": "./bin/swc_typescript",
      "mean": 0.1708008905882353,
      "stddev": 0.001992926821491513,
      "median": 0.170938681,
      "user": 0.12691977529411763,
      "system": 0.04378514,
      "min": 0.166793364,
      "max": 0.173986687,
      "times": [
        0.173986687,
        0.172263453,
        0.172586068,
        0.173095986,
        0.166793364,
        0.168460908,
        0.170736623,
        0.168441445,
        0.17207955,
        0.172721688,
        0.170938681,
        0.16913429400000002,
        0.169704158,
        0.171001686,
        0.172563523,
        0.169793958,
        0.169313068
      ],
      "memory_usage_byte": [
        94035968,
        94035968,
        94035968,
        94035968,
        94035968,
        94035968,
        94035968,
        94035968,
        94035968,
        94035968,
        94035968,
        94035968,
        94035968,
        94035968,
        94035968,
        94035968,
        94035968
      ],
      "exit_codes": [
        0,
        0,
        0,
        0,
        0,
        0,
        0,
        0,
        0,
        0,
        0,
        0,
        0,
        0,
        0,
        0,
        0
      ]
    },
    {
      "command": "./bin/jam_typescript",
      "mean": 0.20195754907142854,
      "stddev": 0.0009388275714924364,
      "median": 0.20160758850000002,
      "user": 0.11185039714285715,
      "system": 0.09000149714285713,
      "min": 0.200834191,
      "max": 0.20377308800000002,
      "times": [
        0.201032648,
        0.20172641500000002,
        0.201137166,
        0.201434912,
        0.202661591,
        0.20148876200000002,
        0.202942265,
        0.20352836800000002,
        0.20377308800000002,
        0.201469123,
        0.200834191,
        0.202260472,
        0.20190718300000002,
        0.201209503
      ],
      "memory_usage_byte": [
        195133440,
        195133440,
        195133440,
        195133440,
        195133440,
        195133440,
        195133440,
        195133440,
        195133440,
        195133440,
        195133440,
        195133440,
        195133440,
        195133440
      ],
      "exit_codes": [
        0,
        0,
        0,
        0,
        0,
        0,
        0,
        0,
        0,
        0,
        0,
        0,
        0,
        0
      ]
    }
  ]
}
