{
  "results": [
    {
      "command": "./bin/yuku_typescript",
      "mean": 0.07559017772000003,
      "stddev": 0.0004116727460171679,
      "median": 0.07550235972,
      "user": 0.05851499487179488,
      "system": 0.01700697641025641,
      "min": 0.07518604672,
      "max": 0.07740482372,
      "times": [
        0.07568575072,
        0.07544040372000001,
        0.07537371872,
        0.07547715172,
        0.07562120172,
        0.07558157772,
        0.07615150572,
        0.07548601772,
        0.07545429972,
        0.07552772672000001,
        0.07558572572,
        0.07544162572,
        0.07544706672,
        0.07559232772,
        0.07561161372,
        0.07550188872000001,
        0.07530901772,
        0.07555297372,
        0.07551313972,
        0.07530762472000001,
        0.07530294572,
        0.07542804072,
        0.07531989772,
        0.07523359572,
        0.07528673572,
        0.07740482372,
        0.07558251972,
        0.07539711272,
        0.07571015872,
        0.07544497172,
        0.07577974872,
        0.07575428072,
        0.07555909572,
        0.07518604672,
        0.07554382672,
        0.07568887872,
        0.07689530972,
        0.07550235972,
        0.07533422372
      ],
      "memory_usage_byte": [
        41623552,
        41623552,
        41623552,
        41623552,
        41623552,
        41623552,
        41623552,
        41623552,
        41623552,
        41623552,
        41623552,
        41623552,
        41623552,
        41623552,
        41623552,
        41623552,
        41623552,
        41623552,
        41623552,
        41623552,
        41623552,
        41623552,
        41623552,
        41623552,
        41623552,
        41623552,
        41623552,
        41623552,
        41623552,
        41623552,
        41623552,
        41623552,
        41623552,
        41623552,
        41623552,
        41623552,
        41623552,
        41623552,
        41623552
      ],
      "exit_codes": [
        0,
        0,
        0,
        0,
        0,
        0,
        0,
        0,
        0,
        0,
        0,
        0,
        0,
        0,
        0,
        0,
        0,
        0,
        0,
        0,
        0,
        0,
        0,
        0,
        0,
        0,
        0,
        0,
        0,
        0,
        0,
        0,
        0,
        0,
        0,
        0,
        0,
        0,
        0
      ]
    },
    {
      "command": "./bin/oxc_typescript",
      "mean": 0.07278383894499998,
      "stddev": 0.00023396682236585055,
      "median": 0.07279735322,
      "user": 0.05079152499999999,
      "system": 0.02191497,
      "min": 0.07233053272000001,
      "max": 0.07326875872000001,
      "times": [
        0.07263336472,
        0.07256698472,
        0.07271571272,
        0.07277463372,
        0.07261832472,
        0.07301039072,
        0.07260666872,
        0.07284634772,
        0.07260924372000001,
        0.07308324172,
        0.07273460872,
        0.07326875872000001,
        0.07305721472,
        0.07293849472,
        0.07283870772,
        0.07305398172000001,
        0.07249692272,
        0.07261456872000001,
        0.07253460472,
        0.07282007272,
        0.07252663372,
        0.07247155072,
        0.07293589072000001,
        0.07284657272,
        0.07299739572,
        0.07321256872,
        0.07305152672,
        0.07271892372,
        0.07241799972,
        0.07249056672,
        0.07322743672,
        0.07282412172,
        0.07284175472,
        0.07277194772000001,
        0.07263848272000001,
        0.07282075472,
        0.07255685072,
        0.07233053272000001,
        0.07288695872,
        0.07296223972
      ],
      "memory_usage_byte": [
        55398400,
        55398400,
        55398400,
        55398400,
        55398400,
        55398400,
        55398400,
        55398400,
        55398400,
        55398400,
        55398400,
        55398400,
        55398400,
        55398400,
        55398400,
        55398400,
        55398400,
        55398400,
        55398400,
        55398400,
        55398400,
        55398400,
        55398400,
        55398400,
        55398400,
        55398400,
        55398400,
        55398400,
        55398400,
        55398400,
        55398400,
        55398400,
        55398400,
        55398400,
        55398400,
        55398400,
        55398400,
        55398400,
        55398400,
        55398400
      ],
      "exit_codes": [
        0,
        0,
        0,
        0,
        0,
        0,
        0,
        0,
        0,
        0,
        0,
        0,
        0,
        0,
        0,
        0,
        0,
        0,
        0,
        0,
        0,
        0,
        0,
        0,
        0,
        0,
        0,
        0,
        0,
        0,
        0,
        0,
        0,
        0,
        0,
        0,
        0,
        0,
        0,
        0
      ]
    },
    {
      "command": "./bin/swc_typescript",
      "mean": 0.1598236778252632,
      "stddev": 0.0017941144970214566,
      "median": 0.15995914472,
      "user": 0.11930993684210528,
      "system": 0.0404374042105263,
      "min": 0.15663469472,
      "max": 0.16290538572000002,
      "times": [
        0.15663469472,
        0.15831170672,
        0.16123081672,
        0.16070755072,
        0.16023074372,
        0.16187628672,
        0.15995914472,
        0.15995205072000002,
        0.15720090572,
        0.15780203172,
        0.15948059772,
        0.15947969572,
        0.16051483572,
        0.15943233672,
        0.16021945172000002,
        0.15693984672,
        0.16189471772,
        0.16290538572000002,
        0.16187707872
      ],
      "memory_usage_byte": [
        94093312,
        94093312,
        94093312,
        94093312,
        94093312,
        94093312,
        94093312,
        94093312,
        94093312,
        94093312,
        94093312,
        94093312,
        94093312,
        94093312,
        94093312,
        94093312,
        94093312,
        94093312,
        94093312
      ],
      "exit_codes": [
        0,
        0,
        0,
        0,
        0,
        0,
        0,
        0,
        0,
        0,
        0,
        0,
        0,
        0,
        0,
        0,
        0,
        0,
        0
      ]
    },
    {
      "command": "./bin/jam_typescript",
      "mean": 0.1894498261866667,
      "stddev": 0.0005846560193787774,
      "median": 0.18948059572,
      "user": 0.10496573333333332,
      "system": 0.08439165333333333,
      "min": 0.18830492272000002,
      "max": 0.19052858972,
      "times": [
        0.18982848872000002,
        0.18930351372,
        0.18925125572,
        0.19052858972,
        0.18981051372000002,
        0.19002124872,
        0.18953774572,
        0.18976357572000002,
        0.18934649472,
        0.18948059572,
        0.19004827972000002,
        0.18896958772,
        0.18864162272,
        0.18891095772000002,
        0.18830492272000002
      ],
      "memory_usage_byte": [
        195129344,
        195129344,
        195129344,
        195129344,
        195129344,
        195129344,
        195129344,
        195129344,
        195129344,
        195129344,
        195129344,
        195129344,
        195129344,
        195129344,
        195129344
      ],
      "exit_codes": [
        0,
        0,
        0,
        0,
        0,
        0,
        0,
        0,
        0,
        0,
        0,
        0,
        0,
        0,
        0
      ]
    }
  ]
}
