{
  "results": [
    {
      "command": "./bin/yuku_typescript",
      "mean": 0.0765549487926316,
      "stddev": 0.0004852122810413477,
      "median": 0.07658248024,
      "user": 0.059945838947368414,
      "system": 0.016568962105263152,
      "min": 0.07564554874,
      "max": 0.07778743174,
      "times": [
        0.07632469074,
        0.07651772474,
        0.07611726474,
        0.07612017074,
        0.07614943474,
        0.07589258374,
        0.07676204274,
        0.07727814174,
        0.07722355474,
        0.07641365974,
        0.07625092574,
        0.07667502874,
        0.07616241874,
        0.07721284674,
        0.07687561474,
        0.07738062174,
        0.07669365374,
        0.07694177974,
        0.07704276774,
        0.07593009374,
        0.07602916874,
        0.07684800374,
        0.07601898974,
        0.07604371574,
        0.07677280174,
        0.07612806474,
        0.07778743174,
        0.07604232174,
        0.07564554874,
        0.07672567274,
        0.07675674074,
        0.07697507974,
        0.07636503674,
        0.07644749174,
        0.07664723574,
        0.07619372674,
        0.07677698874,
        0.07691901474
      ],
      "memory_usage_byte": [
        41656320,
        41656320,
        41656320,
        41656320,
        41656320,
        41656320,
        41656320,
        41656320,
        41656320,
        41656320,
        41656320,
        41656320,
        41656320,
        41656320,
        41656320,
        41656320,
        41656320,
        41656320,
        41656320,
        41656320,
        41656320,
        41656320,
        41656320,
        41656320,
        41656320,
        41656320,
        41656320,
        41656320,
        41656320,
        41656320,
        41656320,
        41656320,
        41656320,
        41656320,
        41656320,
        41656320,
        41656320,
        41656320
      ],
      "exit_codes": [
        0,
        0,
        0,
        0,
        0,
        0,
        0,
        0,
        0,
        0,
        0,
        0,
        0,
        0,
        0,
        0,
        0,
        0,
        0,
        0,
        0,
        0,
        0,
        0,
        0,
        0,
        0,
        0,
        0,
        0,
        0,
        0,
        0,
        0,
        0,
        0,
        0,
        0
      ]
    },
    {
      "command": "./bin/oxc_typescript",
      "mean": 0.07616619502205127,
      "stddev": 0.000516309650794537,
      "median": 0.07600822874,
      "user": 0.05457292666666669,
      "system": 0.02156260717948718,
      "min": 0.07559209974,
      "max": 0.07774518174,
      "times": [
        0.07595007974,
        0.07734965174,
        0.07628579774,
        0.07577060374,
        0.07648818774,
        0.07608450274,
        0.07590804174,
        0.07573412674,
        0.07576266874,
        0.07594649374,
        0.07582718074,
        0.07578265674,
        0.07561051474,
        0.07561436074,
        0.07629320274,
        0.07600822874,
        0.07774518174,
        0.07688360874,
        0.07661400374,
        0.07638111474,
        0.07604431574,
        0.07616382074,
        0.07726287974,
        0.07675727274000001,
        0.07593438074,
        0.07582970474,
        0.07602299674,
        0.07579522074,
        0.07584028474,
        0.07571645274,
        0.07671850874,
        0.07648729674,
        0.07559209974,
        0.07602897774,
        0.07570191474,
        0.07572137174,
        0.07578484074,
        0.07650621074,
        0.07653284774
      ],
      "memory_usage_byte": [
        55398400,
        55398400,
        55398400,
        55398400,
        55398400,
        55398400,
        55398400,
        55398400,
        55398400,
        55398400,
        55398400,
        55398400,
        55398400,
        55398400,
        55398400,
        55398400,
        55398400,
        55398400,
        55398400,
        55398400,
        55398400,
        55398400,
        55398400,
        55398400,
        55398400,
        55398400,
        55398400,
        55398400,
        55398400,
        55398400,
        55398400,
        55398400,
        55398400,
        55398400,
        55398400,
        55398400,
        55398400,
        55398400,
        55398400
      ],
      "exit_codes": [
        0,
        0,
        0,
        0,
        0,
        0,
        0,
        0,
        0,
        0,
        0,
        0,
        0,
        0,
        0,
        0,
        0,
        0,
        0,
        0,
        0,
        0,
        0,
        0,
        0,
        0,
        0,
        0,
        0,
        0,
        0,
        0,
        0,
        0,
        0,
        0,
        0,
        0,
        0
      ]
    },
    {
      "command": "./bin/swc_typescript",
      "mean": 0.16322482957333334,
      "stddev": 0.0016315543055117044,
      "median": 0.16279717124,
      "user": 0.12138081555555552,
      "system": 0.041768620000000006,
      "min": 0.16114832174000002,
      "max": 0.16831162374,
      "times": [
        0.16266580574,
        0.16283950074,
        0.16279920474,
        0.16252226674,
        0.16321339174000002,
        0.16260306774,
        0.16512580474,
        0.16831162374,
        0.16264311274,
        0.16230881674,
        0.16143898674,
        0.16279513774,
        0.16285302674000002,
        0.16114832174000002,
        0.16334886574000002,
        0.16214117274,
        0.16454379474,
        0.16474503074
      ],
      "memory_usage_byte": [
        94109696,
        94109696,
        94109696,
        94109696,
        94109696,
        94109696,
        94109696,
        94109696,
        94109696,
        94109696,
        94109696,
        94109696,
        94109696,
        94109696,
        94109696,
        94109696,
        94109696,
        94109696
      ],
      "exit_codes": [
        0,
        0,
        0,
        0,
        0,
        0,
        0,
        0,
        0,
        0,
        0,
        0,
        0,
        0,
        0,
        0,
        0,
        0
      ]
    },
    {
      "command": "./bin/jam_typescript",
      "mean": 0.19878863874,
      "stddev": 0.0006454523943581893,
      "median": 0.19868257074,
      "user": 0.11576999333333333,
      "system": 0.08292585333333334,
      "min": 0.19761657174,
      "max": 0.20069421874,
      "times": [
        0.19900113774,
        0.19912992874000002,
        0.19868257074,
        0.19872194274000002,
        0.19843586274,
        0.19853204874,
        0.19867180174000001,
        0.19833550174,
        0.19761657174,
        0.19897964074000002,
        0.19854436274,
        0.19909887174000002,
        0.19856992074000002,
        0.19881519974,
        0.20069421874
      ],
      "memory_usage_byte": [
        195133440,
        195133440,
        195133440,
        195133440,
        195133440,
        195133440,
        195133440,
        195133440,
        195133440,
        195133440,
        195133440,
        195133440,
        195133440,
        195133440,
        195133440
      ],
      "exit_codes": [
        0,
        0,
        0,
        0,
        0,
        0,
        0,
        0,
        0,
        0,
        0,
        0,
        0,
        0,
        0
      ]
    }
  ]
}
