{
  "results": [
    {
      "command": "./bin/yuku_typescript",
      "mean": 0.07452499768051284,
      "stddev": 0.0003767380949799891,
      "median": 0.07442284386,
      "user": 0.05819309487179488,
      "system": 0.016301891282051284,
      "min": 0.07394889886,
      "max": 0.07565231786,
      "times": [
        0.07501191386,
        0.07468635586,
        0.07466908286,
        0.07438002386,
        0.07495192086,
        0.07442284386,
        0.07434114086,
        0.07399711886,
        0.07435628986,
        0.07401377086,
        0.07464975786,
        0.07425325786,
        0.07427883486,
        0.07445111686,
        0.07413062785999999,
        0.07565231786,
        0.07394889886,
        0.07457381486,
        0.07444828086,
        0.07436896386,
        0.07468364985999999,
        0.07399653886,
        0.07438668586,
        0.07437516486,
        0.07425252586,
        0.07421609786,
        0.07417618386,
        0.07431484186,
        0.07477560286,
        0.07453014286,
        0.07485044986,
        0.07521095286,
        0.07513472186,
        0.07518739886,
        0.07466387186,
        0.07488966386,
        0.07454275686,
        0.07438583386,
        0.07431549186
      ],
      "memory_usage_byte": [
        41623552,
        41623552,
        41623552,
        41623552,
        41623552,
        41623552,
        41623552,
        41623552,
        41623552,
        41623552,
        41623552,
        41623552,
        41623552,
        41623552,
        41623552,
        41623552,
        41623552,
        41623552,
        41623552,
        41623552,
        41623552,
        41623552,
        41623552,
        41623552,
        41623552,
        41623552,
        41623552,
        41623552,
        41623552,
        41623552,
        41623552,
        41623552,
        41623552,
        41623552,
        41623552,
        41623552,
        41623552,
        41623552,
        41623552
      ],
      "exit_codes": [
        0,
        0,
        0,
        0,
        0,
        0,
        0,
        0,
        0,
        0,
        0,
        0,
        0,
        0,
        0,
        0,
        0,
        0,
        0,
        0,
        0,
        0,
        0,
        0,
        0,
        0,
        0,
        0,
        0,
        0,
        0,
        0,
        0,
        0,
        0,
        0,
        0,
        0,
        0
      ]
    },
    {
      "command": "./bin/oxc_typescript",
      "mean": 0.07328787391,
      "stddev": 0.0005202221326335928,
      "median": 0.07316181536,
      "user": 0.052180500000000005,
      "system": 0.02107279,
      "min": 0.07260139486,
      "max": 0.07469688485999999,
      "times": [
        0.07320253586,
        0.07285875486,
        0.07305641386,
        0.07312872885999999,
        0.07345670086,
        0.07320028286,
        0.07340048586,
        0.07345556886,
        0.07298935885999999,
        0.07358475886,
        0.07417293786,
        0.07303521386,
        0.07287610686,
        0.07293637986,
        0.07276174285999999,
        0.07262684186,
        0.07295036486,
        0.07271025786,
        0.07469688485999999,
        0.07441069086,
        0.07307051986,
        0.07426911986,
        0.07319490186,
        0.07271733086,
        0.07286555786,
        0.07383536686,
        0.07260139486,
        0.07320128386,
        0.07296841986,
        0.07307248386,
        0.07285946586,
        0.07287356286,
        0.07308873386,
        0.07398997586,
        0.07329408786,
        0.07337970686,
        0.07356350986,
        0.07423175686,
        0.07369588686,
        0.07323087886
      ],
      "memory_usage_byte": [
        55427072,
        55427072,
        55427072,
        55427072,
        55427072,
        55427072,
        55427072,
        55427072,
        55427072,
        55427072,
        55427072,
        55427072,
        55427072,
        55427072,
        55427072,
        55427072,
        55427072,
        55427072,
        55427072,
        55427072,
        55427072,
        55427072,
        55427072,
        55427072,
        55427072,
        55427072,
        55427072,
        55427072,
        55427072,
        55427072,
        55427072,
        55427072,
        55427072,
        55427072,
        55427072,
        55427072,
        55427072,
        55427072,
        55427072,
        55427072
      ],
      "exit_codes": [
        0,
        0,
        0,
        0,
        0,
        0,
        0,
        0,
        0,
        0,
        0,
        0,
        0,
        0,
        0,
        0,
        0,
        0,
        0,
        0,
        0,
        0,
        0,
        0,
        0,
        0,
        0,
        0,
        0,
        0,
        0,
        0,
        0,
        0,
        0,
        0,
        0,
        0,
        0,
        0
      ]
    },
    {
      "command": "./bin/swc_typescript",
      "mean": 0.15589807908222222,
      "stddev": 0.0014392650780537706,
      "median": 0.15575484436000003,
      "user": 0.11723968888888889,
      "system": 0.03858283999999999,
      "min": 0.15332150986,
      "max": 0.15853741986000003,
      "times": [
        0.15724659286,
        0.15853741986000003,
        0.15683753886000001,
        0.15515361786,
        0.15590798486000002,
        0.15542019486000003,
        0.15810250786000002,
        0.15594311986,
        0.15487824386000001,
        0.15467576586,
        0.15597018086000003,
        0.15530736386000002,
        0.15520740786,
        0.15628265386,
        0.15808396386,
        0.15560170386000002,
        0.15368765286000002,
        0.15332150986
      ],
      "memory_usage_byte": [
        94052352,
        94052352,
        94052352,
        94052352,
        94052352,
        94052352,
        94052352,
        94052352,
        94052352,
        94052352,
        94052352,
        94052352,
        94052352,
        94052352,
        94052352,
        94052352,
        94052352,
        94052352
      ],
      "exit_codes": [
        0,
        0,
        0,
        0,
        0,
        0,
        0,
        0,
        0,
        0,
        0,
        0,
        0,
        0,
        0,
        0,
        0,
        0
      ]
    },
    {
      "command": "./bin/jam_typescript",
      "mean": 0.19119879406000004,
      "stddev": 0.0016333542904996457,
      "median": 0.19160476386000003,
      "user": 0.10201743333333334,
      "system": 0.08909317333333332,
      "min": 0.18800240986000002,
      "max": 0.19398005586000003,
      "times": [
        0.19171685186,
        0.19041607486,
        0.19205653586000002,
        0.19266911986000002,
        0.19398005586000003,
        0.18906517386000002,
        0.19027662386000002,
        0.18956119886000003,
        0.19161835786000003,
        0.18800240986000002,
        0.19160476386000003,
        0.19074148186,
        0.19256143786000002,
        0.19331606786000002,
        0.19039575686000001
      ],
      "memory_usage_byte": [
        195129344,
        195129344,
        195129344,
        195129344,
        195129344,
        195129344,
        195129344,
        195129344,
        195129344,
        195129344,
        195129344,
        195129344,
        195129344,
        195129344,
        195129344
      ],
      "exit_codes": [
        0,
        0,
        0,
        0,
        0,
        0,
        0,
        0,
        0,
        0,
        0,
        0,
        0,
        0,
        0
      ]
    }
  ]
}
