{
  "results": [
    {
      "command": "./bin/yuku_typescript",
      "mean": 0.0299698406559091,
      "stddev": 0.0022091340355116997,
      "median": 0.03048094544,
      "user": 0.027833203636363633,
      "system": 0.002433210909090908,
      "min": 0.026290215940000004,
      "max": 0.042375133940000004,
      "times": [
        0.02964409094,
        0.030980049940000004,
        0.02685334094,
        0.030760091940000005,
        0.03159138394,
        0.029062924940000005,
        0.03042392494,
        0.030341507940000005,
        0.03086242494,
        0.030330424940000003,
        0.030290674940000005,
        0.03128800794,
        0.03089613394,
        0.028769090940000006,
        0.02937429994,
        0.02774800794,
        0.02701234094,
        0.031024091940000005,
        0.031222299940000003,
        0.03131592494,
        0.026406008940000003,
        0.03123125894,
        0.027599049940000002,
        0.033939424940000004,
        0.031129257940000002,
        0.02770934194,
        0.031009341940000004,
        0.031655632940000004,
        0.031261633940000005,
        0.03145792494,
        0.03166642494,
        0.03074884194,
        0.031202132940000002,
        0.027306132940000005,
        0.03053796594,
        0.027949383940000003,
        0.03220034094,
        0.028746132940000002,
        0.03127217494,
        0.030813257940000005,
        0.03090263294,
        0.03092054994,
        0.03131259094,
        0.03140334194,
        0.03128067494,
        0.03185621694,
        0.03166692494,
        0.03127167494,
        0.027336716940000005,
        0.031186049940000002,
        0.03087338294,
        0.031465758940000005,
        0.03067542494,
        0.02802934194,
        0.03118684194,
        0.02807734094,
        0.03035825794,
        0.029989674940000002,
        0.030339465940000004,
        0.030417716940000006,
        0.030684841940000006,
        0.03030150794,
        0.030354466940000005,
        0.03091484194,
        0.02748446694,
        0.02871454994,
        0.02769459094,
        0.027583466940000002,
        0.027604674940000004,
        0.027418716940000004,
        0.02682417494,
        0.029422091940000006,
        0.02760842494,
        0.02791004994,
        0.026893382940000002,
        0.02863000894,
        0.042375133940000004,
        0.032361507940000006,
        0.03246204994,
        0.030973590940000004,
        0.031006799940000003,
        0.02855734194,
        0.028711507940000006,
        0.02795104994,
        0.030799632940000002,
        0.027194966940000002,
        0.026434633940000004,
        0.026290215940000004
      ],
      "memory_usage_byte": [
        42549248,
        42549248,
        42549248,
        42549248,
        42549248,
        42549248,
        42549248,
        42549248,
        42549248,
        42549248,
        42549248,
        42549248,
        42549248,
        42549248,
        42549248,
        42549248,
        42549248,
        42549248,
        42549248,
        42549248,
        42549248,
        42549248,
        42549248,
        42549248,
        42549248,
        42549248,
        42549248,
        42549248,
        42549248,
        42549248,
        42549248,
        42549248,
        42549248,
        42549248,
        42549248,
        42549248,
        42549248,
        42549248,
        42549248,
        42549248,
        42549248,
        42549248,
        42549248,
        42549248,
        42549248,
        42549248,
        42549248,
        42549248,
        42549248,
        42549248,
        42549248,
        42549248,
        42549248,
        42549248,
        42549248,
        42549248,
        42549248,
        42549248,
        42549248,
        42549248,
        42549248,
        42549248,
        42549248,
        42549248,
        42549248,
        42549248,
        42549248,
        42549248,
        42549248,
        42549248,
        42549248,
        42549248,
        42549248,
        42549248,
        42549248,
        42549248,
        42549248,
        42549248,
        42549248,
        42549248,
        42549248,
        42549248,
        42549248,
        42549248,
        42549248,
        42549248,
        42549248,
        42549248
      ],
      "exit_codes": [
        0,
        0,
        0,
        0,
        0,
        0,
        0,
        0,
        0,
        0,
        0,
        0,
        0,
        0,
        0,
        0,
        0,
        0,
        0,
        0,
        0,
        0,
        0,
        0,
        0,
        0,
        0,
        0,
        0,
        0,
        0,
        0,
        0,
        0,
        0,
        0,
        0,
        0,
        0,
        0,
        0,
        0,
        0,
        0,
        0,
        0,
        0,
        0,
        0,
        0,
        0,
        0,
        0,
        0,
        0,
        0,
        0,
        0,
        0,
        0,
        0,
        0,
        0,
        0,
        0,
        0,
        0,
        0,
        0,
        0,
        0,
        0,
        0,
        0,
        0,
        0,
        0,
        0,
        0,
        0,
        0,
        0,
        0,
        0,
        0,
        0,
        0,
        0
      ]
    },
    {
      "command": "./bin/oxc_typescript",
      "mean": 0.029117752875064944,
      "stddev": 0.0040258269402655275,
      "median": 0.029347216940000004,
      "user": 0.02551991792207792,
      "system": 0.003304412207792209,
      "min": 0.024977924940000003,
      "max": 0.06027229994000001,
      "times": [
        0.034678258940000005,
        0.03025817494,
        0.029507757940000004,
        0.02622092494,
        0.02948509194,
        0.02973167494,
        0.02968267494,
        0.03199829994,
        0.03018525794,
        0.03053513394,
        0.030391008940000006,
        0.027760299940000004,
        0.027154216940000003,
        0.026732007940000004,
        0.026380507940000002,
        0.026617257940000003,
        0.02723317494,
        0.027331382940000003,
        0.02595442494,
        0.024977924940000003,
        0.027395591940000005,
        0.027803049940000005,
        0.029713591940000006,
        0.030518465940000003,
        0.028661549940000003,
        0.02877050894,
        0.06027229994000001,
        0.029786591940000003,
        0.02650113294,
        0.02762763394,
        0.03013134194,
        0.029699716940000002,
        0.03000871694,
        0.029717840940000004,
        0.02907321594,
        0.030001591940000003,
        0.026493633940000004,
        0.030250007940000004,
        0.029824466940000002,
        0.03016242494,
        0.02986967494,
        0.03002321594,
        0.02549371694,
        0.029578507940000005,
        0.026367466940000004,
        0.026035007940000004,
        0.02920596694,
        0.029174799940000003,
        0.027852591940000004,
        0.026074174940000003,
        0.029327507940000004,
        0.02922159194,
        0.02945209194,
        0.02970267494,
        0.029347216940000004,
        0.029153674940000006,
        0.02667984094,
        0.025939716940000003,
        0.030492549940000002,
        0.03145025894,
        0.029515299940000003,
        0.028894674940000004,
        0.02646575794,
        0.02609450794,
        0.029049466940000004,
        0.02989925794,
        0.029975549940000006,
        0.03028388294,
        0.02595067494,
        0.02983884194,
        0.02974521694,
        0.029832215940000004,
        0.02585838294,
        0.030091215940000006,
        0.029950965940000004,
        0.026307174940000004,
        0.028642799940000005
      ],