{
  "results": [
    {
      "command": "./bin/yuku_typescript",
      "mean": 0.03223061147333333,
      "stddev": 0.003080267525005653,
      "median": 0.03233423724000001,
      "user": 0.028526899999999984,
      "system": 0.0024873088888888884,
      "min": 0.02743107074,
      "max": 0.05650648774000001,
      "times": [
        0.030390945740000005,
        0.032126570740000006,
        0.030424778740000002,
        0.03280644574,
        0.03298461174,
        0.03165919574000001,
        0.031124987740000002,
        0.03301632074000001,
        0.03241769574,
        0.03277194574,
        0.03228940374000001,
        0.02868494574,
        0.03197286274,
        0.03182907074000001,
        0.028902112740000003,
        0.03229382074000001,
        0.031517904740000005,
        0.028296445740000002,
        0.02743107074,
        0.02753419574,
        0.03251161174000001,
        0.03125502874,
        0.03262644574,
        0.03400590374,
        0.03477407074,
        0.03344361274,
        0.032859987740000006,
        0.03300377974,
        0.030286986740000004,
        0.03255307074,
        0.03275198774,
        0.033038445740000005,
        0.03315844574000001,
        0.03026869574,
        0.03313277974000001,
        0.033843695740000006,
        0.03191123774000001,
        0.028281653740000003,
        0.028517779740000002,
        0.03294623774,
        0.03256061174,
        0.032574736740000006,
        0.03304840374,
        0.03221019574,
        0.03312657074000001,
        0.031385945740000004,
        0.03257902974000001,
        0.03122157074,
        0.029411987740000003,
        0.031906736740000004,
        0.032719487740000004,
        0.03295773674000001,
        0.03047211174,
        0.031698695740000005,
        0.032965570740000005,
        0.03135811174000001,
        0.030513653740000004,
        0.03239123674,
        0.03523423774000001,
        0.03472952974000001,
        0.02801327874,
        0.03237465374,
        0.03211744574000001,
        0.032851487740000004,
        0.03226440474,
        0.03253086174000001,
        0.032066195740000004,
        0.03316119574,
        0.02930527874,
        0.031555487740000006,
        0.031088403740000003,
        0.03181757074,
        0.03370661174,
        0.033242320740000005,
        0.033966445740000004,
        0.031143362740000003,
        0.029731195740000004,
        0.033697737740000004,
        0.03193277874000001,
        0.03174007074000001,
        0.03363844574000001,
        0.03212365374000001,
        0.030635779740000004,
        0.05650648774000001,
        0.03290457074000001,
        0.03470361274000001,
        0.033013320740000004,
        0.035076904740000005,
        0.032593653740000006,
        0.030538862740000002
      ],
      "memory_usage_byte": [
        42647552,
        42647552,
        42647552,
        42647552,
        42647552,
        42647552,
        42647552,
        42647552,
        42647552,
        42647552,
        42647552,
        42647552,
        42647552,
        42647552,
        42647552,
        42647552,
        42647552,
        42647552,
        42647552,
        42647552,
        42647552,
        42647552,
        42647552,
        42647552,
        42647552,
        42647552,
        42647552,
        42647552,
        42647552,
        42647552,
        42647552,
        42647552,
        42647552,
        42647552,
        42647552,
        42647552,
        42647552,
        42647552,
        42647552,
        42647552,
        42647552,
        42647552,
        42647552,
        42647552,
        42647552,
        42647552,
        42647552,
        42647552,
        42647552,
        42647552,
        42647552,
        42647552,
        42647552,
        42647552,
        42647552,
        42647552,
        42647552,
        42647552,
        42647552,
        42647552,
        42647552,
        42647552,
        42647552,
        42647552,
        42647552,
        42647552,
        42647552,
        42647552,
        42647552,
        42647552,
        42647552,
        42647552,
        42647552,
        42647552,
        42647552,
        42647552,
        42647552,
        42647552,
        42647552,
        42647552,
        42647552,
        42647552,
        42647552,
        42647552,
        42647552,
        42647552,
        42647552,
        42647552,
        42663936,
        42663936
      ],
      "exit_codes": [
        0,
        0,
        0,
        0,
        0,
        0,
        0,
        0,
        0,
        0,
        0,
        0,
        0,
        0,
        0,
        0,
        0,
        0,
        0,
        0,
        0,
        0,
        0,
        0,
        0,
        0,
        0,
        0,
        0,
        0,
        0,
        0,
        0,
        0,
        0,
        0,
        0,
        0,
        0,
        0,
        0,
        0,
        0,
        0,
        0,
        0,
        0,
        0,
        0,
        0,
        0,
        0,
        0,
        0,
        0,
        0,
        0,
        0,
        0,
        0,
        0,
        0,
        0,
        0,
        0,
        0,
        0,
        0,
        0,
        0,
        0,
        0,
        0,
        0,
        0,
        0,
        0,
        0,
        0,
        0,
        0,
        0,
        0,
        0,
        0,
        0,
        0,
        0,
        0,
        0
      ]
    },
    {
      "command": "./bin/oxc_typescript",
      "mean": 0.030711972675483867,
      "stddev": 0.0064710782592652585,
      "median": 0.030275070740000003,
      "user": 0.02558274516129033,
      "system": 0.0031600124731182805,
      "min": 0.025386445740000003,
      "max": 0.06072157074000001,