{
  "results": [
    {
      "command": "./bin/yuku_typescript",
      "mean": 0.07519735176512822,
      "stddev": 0.0004750635505613507,
      "median": 0.07517853556000001,
      "user": 0.058801624615384615,
      "system": 0.016356366153846152,
      "min": 0.07438721956000001,
      "max": 0.07636791356000001,
      "times": [
        0.07534964456000001,
        0.07614885556,
        0.07528483456000001,
        0.07577937656000001,
        0.07525357556000001,
        0.07542522656,
        0.07517853556000001,
        0.07515398056000001,
        0.07544196656,
        0.07522900956,
        0.07504511656000001,
        0.07438721956000001,
        0.07477343056,
        0.07489206156000001,
        0.07504292256,
        0.07513092756,
        0.07488409656,
        0.07502056156,
        0.07471355856,
        0.07458649156000001,
        0.07573359056000001,
        0.07520054656000001,
        0.07544606556000001,
        0.07444517856,
        0.07501066356000001,
        0.07507931056,
        0.07498904256000001,
        0.07440477356000001,
        0.07586841156,
        0.07554455856,
        0.07531675356,
        0.07525018956000001,
        0.07488809456000001,
        0.07566058556000001,
        0.07557054756,
        0.07449236656000001,
        0.07469124756000001,
        0.07636791356000001,
        0.07601548656000001
      ],
      "memory_usage_byte": [
        41623552,
        41623552,
        41623552,
        41623552,
        41623552,
        41623552,
        41623552,
        41623552,
        41623552,
        41623552,
        41623552,
        41623552,
        41623552,
        41623552,
        41623552,
        41623552,
        41623552,
        41623552,
        41623552,
        41623552,
        41623552,
        41623552,
        41623552,
        41623552,
        41623552,
        41623552,
        41623552,
        41623552,
        41623552,
        41623552,
        41623552,
        41623552,
        41623552,
        41623552,
        41623552,
        41623552,
        41623552,
        41623552,
        41623552
      ],
      "exit_codes": [
        0,
        0,
        0,
        0,
        0,
        0,
        0,
        0,
        0,
        0,
        0,
        0,
        0,
        0,
        0,
        0,
        0,
        0,
        0,
        0,
        0,
        0,
        0,
        0,
        0,
        0,
        0,
        0,
        0,
        0,
        0,
        0,
        0,
        0,
        0,
        0,
        0,
        0,
        0
      ]
    },
    {
      "command": "./bin/oxc_typescript",
      "mean": 0.07308466602341464,
      "stddev": 0.0013185537798036356,
      "median": 0.07313448056,
      "user": 0.051636118048780474,
      "system": 0.021418934634146344,
      "min": 0.07148325056,
      "max": 0.07962744756000001,
      "times": [
        0.07185778956000001,
        0.07480228956000001,
        0.07286067956,
        0.07201076556000001,
        0.07218090256000001,
        0.07167028956,
        0.07354879256,
        0.07168041856000001,
        0.07148325056,
        0.07170462456000001,
        0.07417250556,
        0.07317248056,
        0.07319936156000001,
        0.07325954256,
        0.07292895656000001,
        0.07313448056,
        0.07354095856000001,
        0.07326066556000001,
        0.07363254856000001,
        0.07261993056,
        0.07962744756000001,
        0.07335545156,
        0.07267809856,
        0.07302967456000001,
        0.07160435756000001,
        0.07222849856,
        0.07251269756,
        0.07148900856000001,
        0.07406970056,
        0.07400055256,
        0.07292670956000001,
        0.07292892356000001,
        0.07241828156,
        0.07332272756000001,
        0.07313887456000001,
        0.07353077656000001,
        0.07358874456,
        0.07369066356000001,
        0.07360518456000001,
        0.07320145256,
        0.07280224756
      ],
      "memory_usage_byte": [
        55427072,
        55427072,
        55427072,
        55427072,
        55427072,
        55427072,
        55427072,
        55427072,
        55427072,
        55427072,
        55427072,
        55427072,
        55427072,
        55427072,
        55427072,
        55427072,
        55427072,
        55427072,
        55427072,
        55427072,
        55427072,
        55427072,
        55427072,
        55427072,
        55427072,
        55427072,
        55427072,
        55427072,
        55427072,
        55427072,
        55427072,
        55427072,
        55427072,
        55427072,
        55427072,
        55427072,
        55427072,
        55427072,
        55427072,
        55427072,
        55427072
      ],
      "exit_codes": [
        0,
        0,
        0,
        0,
        0,
        0,
        0,
        0,
        0,
        0,
        0,
        0,
        0,
        0,
        0,
        0,
        0,
        0,
        0,
        0,
        0,
        0,
        0,
        0,
        0,
        0,
        0,
        0,
        0,
        0,
        0,
        0,
        0,
        0,
        0,
        0,
        0,
        0,
        0,
        0,
        0
      ]
    },
    {
      "command": "./bin/swc_typescript",
      "mean": 0.1600630743933333,
      "stddev": 0.001363111265810782,
      "median": 0.16028105056,
      "user": 0.11971268444444444,
      "system": 0.04028507555555555,
      "min": 0.15754616556,
      "max": 0.16274783556,
      "times": [
        0.16206367056,
        0.16087774856,
        0.15993383756,
        0.16021224756,
        0.16057060656,
        0.16058724656,
        0.16274783556,
        0.16015329756,
        0.15963246656,
        0.16034985356,
        0.15888357956,
        0.15814100556,
        0.16055899456,
        0.16048511656,
        0.16112300556,
        0.15754616556,
        0.15768154856,
        0.15958711256
      ],
      "memory_usage_byte": [
        94101504,
        94101504,
        94101504,
        94101504,
        94101504,
        94101504,
        94101504,
        94101504,
        94101504,
        94101504,
        94101504,
        94101504,
        94101504,
        94101504,
        94101504,
        94101504,
        94101504,
        94101504
      ],
      "exit_codes": [
        0,
        0,
        0,
        0,
        0,
        0,
        0,
        0,
        0,
        0,
        0,
        0,
        0,
        0,
        0,
        0,
        0,
        0
      ]
    },
    {
      "command": "./bin/jam_typescript",
      "mean": 0.18719003296000006,
      "stddev": 0.0008222419625114524,
      "median": 0.18740331056,
      "user": 0.10451824,
      "system": 0.08257598666666666,
      "min": 0.18541694256,
      "max": 0.18856229556,
      "times": [
        0.18743584156,
        0.18688732956,
        0.18740331056,
        0.18777012456,
        0.18787628256,
        0.18798951356,
        0.18769260656,
        0.18684615756,
        0.18591906856,
        0.18541694256,
        0.18713074756,
        0.18856229556,
        0.18676760056,
        0.18762407756,
        0.18652859556
      ],
      "memory_usage_byte": [
        195129344,
        195129344,
        195129344,
        195129344,
        195129344,
        195129344,
        195129344,
        195129344,
        195129344,
        195129344,
        195129344,
        195129344,
        195129344,
        195129344,
        195129344
      ],
      "exit_codes": [
        0,
        0,
        0,
        0,
        0,
        0,
        0,
        0,
        0,
        0,
        0,
        0,
        0,
        0,
        0
      ]
    }
  ]
}
