{
  "results": [
    {
      "command": "./bin/yuku_typescript",
      "mean": 0.028153825711666674,
      "stddev": 0.00026209379273313654,
      "median": 0.028142733420000003,
      "user": 0.025746836250000005,
      "system": 0.0020112937500000004,
      "min": 0.027577024920000002,
      "max": 0.02899556692,
      "times": [
        0.02829598292,
        0.028230108920000004,
        0.027943149920000004,
        0.028545399920000002,
        0.028433191920000003,
        0.028356565920000004,
        0.028071649920000004,
        0.02831098292,
        0.027819441920000004,
        0.028122774920000003,
        0.02801352492,
        0.02816535892,
        0.02793894192,
        0.027900108920000003,
        0.028084274920000003,
        0.028169191920000003,
        0.027833441920000004,
        0.02793081592,
        0.027939024920000003,
        0.027954357920000002,
        0.028239607920000003,
        0.027669149920000004,
        0.027577024920000002,
        0.028067899920000004,
        0.028171649920000003,
        0.02793856692,
        0.027940066920000003,
        0.028316149920000002,
        0.027913899920000002,
        0.02785960892,
        0.028162191920000003,
        0.02788331692,
        0.02786735892,
        0.027846357920000002,
        0.028226274920000002,
        0.028239607920000003,
        0.027932149920000003,
        0.027878066920000003,
        0.027963649920000003,
        0.028166899920000002,
        0.02847256692,
        0.028197899920000002,
        0.028291732920000003,
        0.02796385892,
        0.02816631592,
        0.028359982920000002,
        0.028383899920000004,
        0.028285232920000004,
        0.02799835792,
        0.02815189992,
        0.02794831692,
        0.02788773292,
        0.028026982920000002,
        0.028366024920000003,
        0.02842069192,
        0.02804489992,
        0.027938107920000003,
        0.02831306692,
        0.028133566920000002,
        0.02874760792,
        0.02848644192,
        0.027887441920000002,
        0.028034315920000004,
        0.028205774920000003,
        0.028692232920000005,
        0.02806735792,
        0.027825815920000004,
        0.028003441920000004,
        0.02788294192,
        0.027984316920000002,
        0.028197607920000003,
        0.02793352492,
        0.02850056692,
        0.02899556692,
        0.02829944192,
        0.02824394192,
        0.02832448292,
        0.028387857920000002,
        0.028203399920000004,
        0.028238732920000002,
        0.028345441920000002,
        0.028082232920000002,
        0.027971316920000003,
        0.02820452492,
        0.02811310792,
        0.028465608920000003,
        0.02861144192,
        0.02802544192,
        0.027686815920000003,
        0.028153024920000002,
        0.028557440920000003,
        0.028651315920000003,
        0.028744191920000002,
        0.028673565920000005,
        0.027964941920000003,
        0.02810510792
      ],
      "exit_codes": [
        0,
        0,
        0,
        0,
        0,
        0,
        0,
        0,
        0,
        0,
        0,
        0,
        0,
        0,
        0,
        0,
        0,
        0,
        0,
        0,
        0,
        0,
        0,
        0,
        0,
        0,
        0,
        0,
        0,
        0,
        0,
        0,
        0,
        0,
        0,
        0,
        0,
        0,
        0,
        0,
        0,
        0,
        0,
        0,
        0,
        0,
        0,
        0,
        0,
        0,
        0,
        0,
        0,
        0,
        0,
        0,
        0,
        0,
        0,
        0,
        0,
        0,
        0,
        0,
        0,
        0,
        0,
        0,
        0,
        0,
        0,
        0,
        0,
        0,
        0,
        0,
        0,
        0,
        0,
        0,
        0,
        0,
        0,
        0,
        0,
        0,
        0,
        0,
        0,
        0,
        0,
        0,
        0,
        0,
        0,
        0
      ]
    },
    {
      "command": "./bin/oxc_typescript",
      "mean": 0.02938448370571429,
      "stddev": 0.0030240102454030795,
      "median": 0.027988462920000002,
      "user": 0.02487825142857142,
      "system": 0.0033074551020408163,
      "min": 0.026882941920000004,
      "max": 0.046180065920000006,
      "times": [
        0.027769066920000002,
        0.028495691920000003,
        0.038026566920000004,
        0.02891414992,
        0.028589274920000005,
        0.028640149920000003,
        0.027744774920000003,
        0.02805489992,
        0.028060649920000003,
        0.02824381692,
        0.027975566920000004,
        0.027548983920000002,
        0.027982358920000002,
        0.027795191920000004,
        0.027571024920000003,
        0.027503982920000003,
        0.02783952492,
        0.02812114992,
        0.027651024920000003,
        0.02746760892,
        0.027494774920000003,
        0.02741756692,
        0.02713031692,
        0.027884315920000003,
        0.026882941920000004,
        0.027454982920000003,
        0.027659357920000002,
        0.027633816920000002,
        0.027994566920000002,
        0.027772691920000002,
        0.027711941920000004,
        0.027670899920000002,
        0.02719077492,
        0.02712489992,
        0.02720669192,
        0.02750727492,
        0.027864857920000003,
        0.027423857920000003,
        0.028300940920000003,
        0.027337774920000002,
        0.027795357920000003,
        0.027585940920000003,
        0.028026149920000003,
        0.027659441920000003,
        0.027829941920000004,
        0.02751548292,
        0.027734566920000002,
        0.027981190920000003,
        0.02751248292,
        0.02797423292,
        0.027880108920000004,
        0.027702649920000003,
        0.02755410892,
        0.027428899920000003,
        0.02772239992,
        0.027915024920000003,
        0.046180065920000006,
        0.02985948292,
        0.033281358920000004,
        0.029471649920000002,
        0.02804660792,
        0.028064024920000003,
        0.02771448392,
        0.02778881692,
        0.02775494192,
        0.027978691920000003,
        0.02748019092,
        0.02959856692,
        0.03620814992,
        0.034830690920000004,
        0.034504941920000004,
        0.037832524920000006,
        0.02946760792,
        0.03052514992,
        0.02988723392,
        0.03051606592,
        0.030679565920000006,
        0.029283774920000005,
        0.029257316920000005,
        0.035177899920000005,
        0.03302581592,
        0.03009752492,
        0.02933631692,
        0.029318066920000004,
        0.030581816920000005,
        0.029665524920000005,
        0.03133869092,
        0.034162607920000004,
        0.03200219192,
        0.03142060792,
        0.032694982920000004,
        0.03300656592,
        0.03236856592,
        0.03222510892,
        0.028503108920000002,
        0.02882623292,
        0.029836983920000004,
        0.035400191920000004
      ],