{
  "results": [
    {
      "command": "./bin/yuku_typescript",
      "mean": 0.03122801695380952,
      "stddev": 0.004024432915145416,
      "median": 0.030467949680000002,
      "user": 0.027414644761904767,
      "system": 0.0022600190476190483,
      "min": 0.02739945068,
      "max": 0.05134544968000001,
      "times": [
        0.03194003268000001,
        0.028519241679999998,
        0.02837207468,
        0.029232491680000004,
        0.030656283680000004,
        0.03100603268,
        0.02739945068,
        0.03209532468,
        0.031739158680000004,
        0.028440741680000003,
        0.031158657680000004,
        0.030891533680000003,
        0.030439282680000002,
        0.03288474168,
        0.03026928368,
        0.03058507468,
        0.05134544968000001,
        0.036030032680000004,
        0.032991241680000005,
        0.032299616680000004,
        0.03305415868000001,
        0.032295658680000006,
        0.029634032680000002,
        0.028318533680000004,
        0.02749074168,
        0.027499075680000002,
        0.02771711668,
        0.028407741679999998,
        0.03023478268,
        0.02904228268,
        0.02977703368,
        0.03076282468,
        0.03141065868,
        0.03277686668,
        0.03018732468,
        0.029871825680000002,
        0.029739991679999998,
        0.031467366680000004,
        0.04483490868000001,
        0.03282494968000001,
        0.031494866680000004,
        0.032761950680000006,
        0.03178386668,
        0.032135908680000005,
        0.02866911668,
        0.028395616680000003,
        0.03256911668,
        0.03049661668,
        0.02811095068,
        0.032000283680000005,
        0.030553616680000003,
        0.02977124168,
        0.02928065768,
        0.03030574168,
        0.03036236668,
        0.030382950680000003,
        0.029019324680000003,
        0.02872015868,
        0.028126116680000004,
        0.02767819968,
        0.02755999168,
        0.02772982468,
        0.02812190768,
        0.03035894968,
        0.03143715868000001,
        0.03502207568000001,
        0.031008532680000003,
        0.03600240868000001,
        0.03147890768,
        0.029777158680000002,
        0.030963366680000003,
        0.029311908680000002,
        0.030554116680000003,
        0.02917757568,
        0.030597700680000003,
        0.032938366680000004,
        0.028256032679999998,
        0.035813949680000005,
        0.02882778268,
        0.02925903368,
        0.029935866680000003,
        0.03224453268000001,
        0.049489491680000004,
        0.03902449168
      ],
      "memory_usage_byte": [
        42532864,
        42532864,
        42532864,
        42532864,
        42532864,
        42532864,
        42532864,
        42532864,
        42532864,
        42532864,
        42532864,
        42532864,
        42532864,
        42532864,
        42532864,
        42532864,
        42532864,
        42532864,
        42532864,
        42532864,
        42532864,
        42532864,
        42532864,
        42532864,
        42532864,
        42532864,
        42532864,
        42532864,
        42532864,
        42532864,
        42532864,
        42532864,
        42532864,
        42532864,
        42532864,
        42532864,
        42532864,
        42532864,
        42532864,
        42532864,
        42532864,
        42532864,
        42532864,
        42532864,
        42532864,
        42532864,
        42532864,
        42532864,
        42532864,
        42532864,
        42532864,
        42532864,
        42532864,
        42532864,
        42532864,
        42532864,
        42532864,
        42532864,
        42532864,
        42532864,
        42532864,
        42532864,
        42532864,
        42532864,
        42532864,
        42532864,
        42532864,
        42532864,
        42532864,
        42532864,
        42532864,
        42532864,
        42532864,
        42532864,
        42532864,
        42532864,
        42532864,
        42532864,
        42532864,
        42532864,
        42532864,
        42532864,
        42532864,
        42532864
      ],
      "exit_codes": [
        0,
        0,
        0,
        0,
        0,
        0,
        0,
        0,
        0,
        0,
        0,
        0,
        0,
        0,
        0,
        0,
        0,
        0,
        0,
        0,
        0,
        0,
        0,
        0,
        0,
        0,
        0,
        0,
        0,
        0,
        0,
        0,
        0,
        0,
        0,
        0,
        0,
        0,
        0,
        0,
        0,
        0,
        0,
        0,
        0,
        0,
        0,
        0,
        0,
        0,
        0,
        0,
        0,
        0,
        0,
        0,
        0,
        0,
        0,
        0,
        0,
        0,
        0,
        0,
        0,
        0,
        0,
        0,
        0,
        0,
        0,
        0,
        0,
        0,
        0,
        0,
        0,
        0,
        0,
        0,
        0,
        0,
        0,
        0
      ]
    },
    {
      "command": "./bin/oxc_typescript",
      "mean": 0.031064859746666673,
      "stddev": 0.0028624727763929157,
      "median": 0.03112486668,
      "user": 0.02648135111111112,
      "system": 0.0032585222222222218,
      "min": 0.026137657680000002,
      "max": 0.046529533680000006,
      "times": [
        0.029913783680000004,
        0.03042249168,
        0.02944136668,
        0.03202482468000001,
        0.02971657468,
        0.03156061668000001,
        0.03372015868000001,
        0.032965324680000005,
        0.032149949680000005,
        0.02968099168,
        0.032581950680000006,
        0.03351682468,
        0.028362866679999998,
        0.033183658680000006,
        0.038800324680000005,
        0.03477586668,
        0.031520533680000004,
        0.031740408680000005,
        0.027177616680000002,
        0.03151669968,
        0.03172470068,
        0.031592116680000004,
        0.02729482468,
        0.02643361668,
        0.031092991679999998,
        0.031318241680000004,
        0.03169261668000001,
        0.02813461668,
        0.031530616680000005,
        0.031618241680000006,
        0.030772533680000002,
        0.031647324680000005,
        0.030422616680000004,
        0.02895828368,
        0.03074457468,
        0.02776353368,
        0.030653991680000003,
        0.031413908680000005,
        0.031332741680000005,
        0.031843075680000006,
        0.031722533680000005,
        0.02735032468,
        0.032451325680000004,
        0.032868074680000005,
        0.02754349168,
        0.031512699680000006,
        0.031818533680000004,
        0.031250991680000006,
        0.031351199680000004,
        0.031216741680000003,
        0.03133990868000001,
        0.03068519968,
        0.03160149168,
        0.03115674168,
        0.03092953368,
        0.03099882468,
        0.031256533680000004,
        0.02923778368,
        0.03167757568000001,
        0.030474533680000002,
        0.03059632468,
        0.032127866680000006,
        0.03024019968,
        0.02661449168,
        0.029603075680000004,
        0.03160653368000001,
        0.03094407468,
        0.029417199680000002,
        0.031831157680000007,
        0.032560741680000005,
        0.03209761668,
        0.029360824679999998,
        0.026137657680000002,
        0.02651445068,
        0.03030740768,
        0.02950332468,
        0.031318282680000004,
        0.030764408680000004,
        0.02690307468,
        0.03100944968,
        0.046529533680000006,
        0.030033658680000002,
        0.03066603368,
        0.02985999168,
        0.04076778368,
        0.038421449680000004,
        0.030295325680000002,
        0.030120491680000003,
        0.02969249168,
        0.02879040768
      ],