{
  "results": [
    {
      "command": "./bin/yuku_typescript",
      "mean": 0.03050469975666667,
      "stddev": 0.0016907953150123083,
      "median": 0.03090388384,
      "user": 0.028323185416666678,
      "system": 0.002423554583333333,
      "min": 0.02634092584,
      "max": 0.034130467840000005,
      "times": [
        0.027149342840000004,
        0.027133550840000003,
        0.03102059184,
        0.031234091840000006,
        0.027394800840000004,
        0.027187092840000003,
        0.031953300840000004,
        0.033418092840000004,
        0.032866675840000005,
        0.034130467840000005,
        0.03366200984,
        0.03154671784,
        0.030726675840000002,
        0.03275709284,
        0.030215675840000004,
        0.030436967840000002,
        0.029718758840000005,
        0.029967591840000002,
        0.027599217840000002,
        0.02717446784,
        0.03080034284,
        0.03078125884,
        0.030484592840000005,
        0.030508258840000003,
        0.030752092840000002,
        0.02917117584,
        0.03125659284,
        0.030877258840000005,
        0.03097213384,
        0.030600342840000003,
        0.030745300840000003,
        0.02754980084,
        0.03412380084,
        0.027451050840000005,
        0.03118884284,
        0.030399050840000004,
        0.03160234184,
        0.03150296784,
        0.031377758840000006,
        0.03144346684,
        0.03108359284,
        0.027029800840000003,
        0.03115125884,
        0.03123950884,
        0.03148767584,
        0.02941555084,
        0.030945216840000005,
        0.03123059284,
        0.03144488384,
        0.029146967840000003,
        0.030595092840000004,
        0.03101871784,
        0.03113984284,
        0.03089013384,
        0.03335771784,
        0.031103217840000003,
        0.03052630084,
        0.03017071784,
        0.030808633840000002,
        0.03151438484,
        0.031864300840000005,
        0.029060092840000003,
        0.03100480084,
        0.03091763384,
        0.027178259840000003,
        0.030060092840000004,
        0.03023863484,
        0.028946008840000002,
        0.03101671784,
        0.030219550840000005,
        0.03117388384,
        0.030993425840000005,
        0.027081675840000003,
        0.03076225884,
        0.02855063384,
        0.031153258840000003,
        0.027333384840000002,
        0.02634092584,
        0.031040425840000004,
        0.03138200984,
        0.02900059184,
        0.03070542584,
        0.03104309284,
        0.02713763484,
        0.031419300840000004,
        0.032055425840000006,
        0.031887633840000006,
        0.030781925840000002,
        0.03130034284,
        0.03166580084,
        0.03083746684,
        0.03208950984,
        0.032152217840000004,
        0.03207242584,
        0.031454050840000004,
        0.03034892584
      ],
      "memory_usage_byte": [
        42532864,
        42532864,
        42532864,
        42532864,
        42532864,
        42532864,
        42532864,
        42532864,
        42532864,
        42532864,
        42532864,
        42532864,
        42532864,
        42532864,
        42532864,
        42532864,
        42532864,
        42532864,
        42532864,
        42532864,
        42532864,
        42532864,
        42532864,
        42532864,
        42532864,
        42532864,
        42532864,
        42532864,
        42532864,
        42532864,
        42532864,
        42532864,
        42532864,
        42532864,
        42532864,
        42532864,
        42532864,
        42532864,
        42532864,
        42532864,
        42532864,
        42532864,
        42532864,
        42532864,
        42532864,
        42532864,
        42532864,
        42532864,
        42532864,
        42532864,
        42532864,
        42532864,
        42532864,
        42532864,
        42532864,
        42532864,
        42532864,
        42532864,
        42532864,
        42532864,
        42532864,
        42532864,
        42532864,
        42532864,
        42532864,
        42532864,
        42532864,
        42532864,
        42532864,
        42532864,
        42532864,
        42532864,
        42532864,
        42532864,
        42532864,
        42532864,
        42532864,
        42532864,
        42532864,
        42532864,
        42532864,
        42532864,
        42532864,
        42532864,
        42532864,
        42532864,
        42532864,
        42532864,
        42532864,
        42532864,
        42532864,
        42532864,
        42532864,
        42532864,
        42532864,
        42532864
      ],
      "exit_codes": [
        0,
        0,
        0,
        0,
        0,
        0,
        0,
        0,
        0,
        0,
        0,
        0,
        0,
        0,
        0,
        0,
        0,
        0,
        0,
        0,
        0,
        0,
        0,
        0,
        0,
        0,
        0,
        0,
        0,
        0,
        0,
        0,
        0,
        0,
        0,
        0,
        0,
        0,
        0,
        0,
        0,
        0,
        0,
        0,
        0,
        0,
        0,
        0,
        0,
        0,
        0,
        0,
        0,
        0,
        0,
        0,
        0,
        0,
        0,
        0,
        0,
        0,
        0,
        0,
        0,
        0,
        0,
        0,
        0,
        0,
        0,
        0,
        0,
        0,
        0,
        0,
        0,
        0,
        0,
        0,
        0,
        0,
        0,
        0,
        0,
        0,
        0,
        0,
        0,
        0,
        0,
        0,
        0,
        0,
        0,
        0
      ]
    },
    {
      "command": "./bin/oxc_typescript",
      "mean": 0.02895435438022988,
      "stddev": 0.004174168193752145,
      "median": 0.028873800840000005,
      "user": 0.025464541379310344,
      "system": 0.0032151583908045975,
      "min": 0.02526492584,
      "max": 0.06008459184,