{
  "results": [
    {
      "command": "./bin/yuku_typescript",
      "mean": 0.031731813101904774,
      "stddev": 0.0015360931815116654,
      "median": 0.03223220034,
      "user": 0.02845847428571428,
      "system": 0.00257424238095238,
      "min": 0.02808080484,
      "max": 0.034049970840000006,
      "times": [
        0.032784970840000004,
        0.028138970840000003,
        0.03206588784,
        0.032514970840000004,
        0.031808762840000004,
        0.032787012840000004,
        0.03209180384,
        0.029186595840000003,
        0.03272717984,
        0.031834970840000004,
        0.033066053840000005,
        0.03335876184,
        0.03246717884,
        0.031902928840000004,
        0.032499637840000005,
        0.03292976184,
        0.03276530484,
        0.03202209584,
        0.03255367884,
        0.031942553840000006,
        0.03257526284,
        0.032008178840000005,
        0.03245238684,
        0.029009886840000006,
        0.032196011840000004,
        0.03055655384,
        0.02895922084,
        0.03247722084,
        0.03269692984,
        0.03220772084,
        0.031935845840000004,
        0.03194292984,
        0.02808080484,
        0.03203042884,
        0.031638095840000005,
        0.032171595840000004,
        0.03044376184,
        0.03208463784,
        0.033086553840000005,
        0.03279592984,
        0.03365534584,
        0.033012928840000004,
        0.03246601284,
        0.03191134584,
        0.032390220840000004,
        0.031950304840000006,
        0.03228513684,
        0.033006137840000005,
        0.03353147084,
        0.034049970840000006,
        0.02858297084,
        0.03193526284,
        0.03179880484,
        0.03281105384,
        0.032898804840000004,
        0.033252803840000004,
        0.03137838784,
        0.03320255484,
        0.03282417884,
        0.03280159584,
        0.03314088684,
        0.032494428840000006,
        0.032925970840000006,
        0.032945428840000006,
        0.032496261840000006,
        0.03242434584,
        0.03221601284,
        0.032373136840000004,
        0.03278605384,
        0.028594470840000004,
        0.03230663784,
        0.029026345840000002,
        0.03242588784,
        0.031959720840000004,
        0.03224838784,
        0.030215095840000004,
        0.029469179840000005,
        0.02970405384,
        0.02858192984,
        0.028370054840000002,
        0.028802511840000003,
        0.028677012840000002,
        0.028842928840000004,
        0.02990122084
      ],
      "memory_usage_byte": [
        42647552,
        42647552,
        42647552,
        42647552,
        42647552,
        42647552,
        42647552,
        42647552,
        42647552,
        42647552,
        42647552,
        42647552,
        42647552,
        42647552,
        42647552,
        42647552,
        42647552,
        42647552,
        42647552,
        42647552,
        42647552,
        42647552,
        42647552,
        42647552,
        42647552,
        42647552,
        42647552,
        42647552,
        42647552,
        42647552,
        42647552,
        42647552,
        42647552,
        42647552,
        42647552,
        42647552,
        42647552,
        42647552,
        42647552,
        42647552,
        42647552,
        42647552,
        42647552,
        42647552,
        42647552,
        42647552,
        42647552,
        42647552,
        42647552,
        42647552,
        42647552,
        42647552,
        42647552,
        42647552,
        42647552,
        42647552,
        42647552,
        42647552,
        42647552,
        42647552,
        42647552,
        42647552,
        42647552,
        42647552,
        42647552,
        42647552,
        42647552,
        42647552,
        42647552,
        42647552,
        42647552,
        42647552,
        42647552,
        42647552,
        42647552,
        42647552,
        42647552,
        42647552,
        42647552,
        42647552,
        42647552,
        42647552,
        42647552,
        42647552
      ],
      "exit_codes": [
        0,
        0,
        0,
        0,
        0,
        0,
        0,
        0,
        0,
        0,
        0,
        0,
        0,
        0,
        0,
        0,
        0,
        0,
        0,
        0,
        0,
        0,
        0,
        0,
        0,
        0,
        0,
        0,
        0,
        0,
        0,
        0,
        0,
        0,
        0,
        0,
        0,
        0,
        0,
        0,
        0,
        0,
        0,
        0,
        0,
        0,
        0,
        0,
        0,
        0,
        0,
        0,
        0,
        0,
        0,
        0,
        0,
        0,
        0,
        0,
        0,
        0,
        0,
        0,
        0,
        0,
        0,
        0,
        0,
        0,
        0,
        0,
        0,
        0,
        0,
        0,
        0,
        0,
        0,
        0,
        0,
        0,
        0,
        0
      ]
    },
    {
      "command": "./bin/oxc_typescript",
      "mean": 0.030266360737959176,
      "stddev": 0.0032129838708200007,
      "median": 0.03021757484,
      "user": 0.025540239591836728,
      "system": 0.003401213469387756,
      "min": 0.02659309584,
      "max": 0.048254803840000006,
      "times": [
        0.02773159584,
        0.031086429840000006,
        0.031354887840000005,
        0.027931387840000002,
        0.03854534584,
        0.029248095840000002,
        0.02747926284,
        0.026802595840000002,
        0.028384720840000002,
        0.028795720840000004,
        0.02855442884,
        0.02759776284,
        0.02821513784,
        0.02845076284,
        0.028923387840000002,
        0.02898542984,
        0.02918692884,
        0.02668838784,
        0.02864592884,
        0.03024559584,
        0.042979803840000004,
        0.032313470840000004,
        0.030600053840000002,
        0.032109053840000006,
        0.031389678840000004,
        0.027836095840000002,
        0.031624095840000005,
        0.03135005484,
        0.03111617884,
        0.03127117984,
        0.02783351284,
        0.03095538784,
        0.03075413684,
        0.027244887840000002,
        0.027917095840000003,
        0.03148417884,
        0.03136542884,
        0.03134572084,
        0.027900928840000002,
        0.03178638784,
        0.03183951284,
        0.027625470840000003,
        0.03082651184,
        0.030821261840000003,
        0.027257179840000003,
        0.02945042884,
        0.031378220840000005,
        0.03114451284,
        0.027633887840000003,
        0.03135872084,
        0.031098387840000005,
        0.03110638784,
        0.02856501284,
        0.027095762840000003,
        0.03110272084,
        0.02877638684,
        0.03114263784,
        0.03148467884,
        0.031376179840000004,
        0.03148347084,
        0.03136255384,
        0.03148159584,
        0.03134126284,
        0.027977636840000004,
        0.03131976184,
        0.027644637840000003,
        0.030979637840000004,
        0.03185788784,
        0.031708387840000005,
        0.031519303840000006,
        0.027680803840000004,
        0.03150492884,
        0.032642512840000006,
        0.03179222084,
        0.02740013784,
        0.028497220840000004,
        0.02891826284,
        0.02902692884,
        0.02763188684,
        0.02659309584,
        0.028638761840000006,
        0.028644512840000004,
        0.028535137840000002,
        0.03018955384,
        0.027670428840000004,
        0.028732220840000003,
        0.02875672084,
        0.03961567984,
        0.027022720840000004,
        0.03677722084,
        0.048254803840000006,
        0.03153509584,
        0.027863304840000002,
        0.02973576284,
        0.031669511840000004,
        0.027833220840000002,
        0.02698663684,
        0.03216292884
      ],