{
  "results": [
    {
      "command": "./bin/yuku_typescript",
      "mean": 0.08115419571777777,
      "stddev": 0.0002838130211775868,
      "median": 0.08115948444000001,
      "user": 0.06511072444444442,
      "system": 0.01600974333333333,
      "min": 0.08056347494,
      "max": 0.08187031994,
      "times": [
        0.08105586594000001,
        0.08100431894000001,
        0.08105719794,
        0.08140883594000001,
        0.08130728594,
        0.08162838594,
        0.08116775494,
        0.08132113194000001,
        0.08104406294000001,
        0.08062194294000001,
        0.08115905894000001,
        0.08117282394000001,
        0.08109583994000001,
        0.08146054294,
        0.08135165894,
        0.08128621594,
        0.08187031994,
        0.08140801394000001,
        0.08072394394,
        0.08087596894,
        0.08108851694000001,
        0.08095065794,
        0.08115990994000001,
        0.08130179494,
        0.08117394694,
        0.08056347494,
        0.08106056394000001,
        0.08079118994000001,
        0.08100740494000001,
        0.08123066294,
        0.08175603494000001,
        0.08139590094,
        0.08100249594,
        0.08119378294000001,
        0.08100974894,
        0.08084378794000001
      ],
      "memory_usage_byte": [
        41652224,
        41652224,
        41652224,
        41652224,
        41652224,
        41652224,
        41652224,
        41652224,
        41652224,
        41652224,
        41652224,
        41652224,
        41652224,
        41652224,
        41652224,
        41652224,
        41652224,
        41652224,
        41652224,
        41652224,
        41652224,
        41652224,
        41652224,
        41652224,
        41652224,
        41652224,
        41652224,
        41652224,
        41652224,
        41652224,
        41652224,
        41652224,
        41652224,
        41652224,
        41652224,
        41652224
      ],
      "exit_codes": [
        0,
        0,
        0,
        0,
        0,
        0,
        0,
        0,
        0,
        0,
        0,
        0,
        0,
        0,
        0,
        0,
        0,
        0,
        0,
        0,
        0,
        0,
        0,
        0,
        0,
        0,
        0,
        0,
        0,
        0,
        0,
        0,
        0,
        0,
        0,
        0
      ]
    },
    {
      "command": "./bin/oxc_typescript",
      "mean": 0.07507374286307691,
      "stddev": 0.00036274752848796353,
      "median": 0.07503727594000001,
      "user": 0.05317697230769232,
      "system": 0.021864826666666663,
      "min": 0.07418662494,
      "max": 0.07607424294000001,
      "times": [
        0.07537857094,
        0.07495331594,
        0.07512624994,
        0.07497963494000001,
        0.07505286294,
        0.07481723194,
        0.07516266694000001,
        0.07607424294000001,
        0.07564581094,
        0.07516539294,
        0.07501601394,
        0.07524519094000001,
        0.07479653194000001,
        0.07486060194000001,
        0.07517229494000001,
        0.07525737694000001,
        0.07418662494,
        0.07496607394,
        0.07503727594000001,
        0.07504484094000001,
        0.07495603494000001,
        0.07516372294000001,
        0.07465736594000001,
        0.07476363494,
        0.07535163494000001,
        0.07470268994000001,
        0.07486284094000001,
        0.07454909294,
        0.07468636094,
        0.07487072494000001,
        0.07501344194000001,
        0.07572083594000001,
        0.07580633594000001,
        0.07506546894,
        0.07470981394000001,
        0.07486114694000001,
        0.07538864394000001,
        0.07539419394,
        0.07541317994
      ],
      "memory_usage_byte": [
        55398400,
        55398400,
        55398400,
        55398400,
        55398400,
        55398400,
        55398400,
        55398400,
        55398400,
        55398400,
        55398400,
        55398400,
        55398400,
        55398400,
        55398400,
        55398400,
        55398400,
        55398400,
        55398400,
        55398400,
        55398400,
        55398400,
        55398400,
        55398400,
        55398400,
        55398400,
        55398400,
        55398400,
        55398400,
        55398400,
        55398400,
        55398400,
        55398400,
        55398400,
        55398400,
        55398400,
        55398400,
        55398400,
        55398400
      ],
      "exit_codes": [
        0,
        0,
        0,
        0,
        0,
        0,
        0,
        0,
        0,
        0,
        0,
        0,
        0,
        0,
        0,
        0,
        0,
        0,
        0,
        0,
        0,
        0,
        0,
        0,
        0,
        0,
        0,
        0,
        0,
        0,
        0,
        0,
        0,
        0,
        0,
        0,
        0,
        0,
        0
      ]
    },
    {
      "command": "./bin/swc_typescript",
      "mean": 0.16310765466222224,
      "stddev": 0.0016576759693759343,
      "median": 0.16286524794,
      "user": 0.12190527999999998,
      "system": 0.04113371555555556,
      "min": 0.16096129694000003,
      "max": 0.16607060194,
      "times": [
        0.16096129694000003,
        0.16173353094,
        0.16141268194000002,
        0.16280515594,
        0.16303327194,
        0.16222333694000002,
        0.16591882794,
        0.16607060194,
        0.16591069194000002,
        0.16471841294,
        0.16111504494,
        0.16292533994000002,
        0.16375903994000002,
        0.16216101094000002,
        0.16353200394,
        0.16383045994,
        0.16239062994,
        0.16143644494
      ],
      "memory_usage_byte": [
        94097408,
        94097408,
        94097408,
        94097408,
        94097408,
        94097408,
        94097408,
        94097408,
        94097408,
        94097408,
        94097408,
        94097408,
        94097408,
        94097408,
        94097408,
        94097408,
        94097408,
        94097408
      ],
      "exit_codes": [
        0,
        0,
        0,
        0,
        0,
        0,
        0,
        0,
        0,
        0,
        0,
        0,
        0,
        0,
        0,
        0,
        0,
        0
      ]
    },
    {
      "command": "./bin/jam_typescript",
      "mean": 0.19701694340666667,
      "stddev": 0.0010469624015067751,
      "median": 0.19711131794,
      "user": 0.10965334666666664,
      "system": 0.08728989333333331,
      "min": 0.19537562094000002,
      "max": 0.19985677694,
      "times": [
        0.19638766094000001,
        0.19544027994000002,
        0.19630806394000003,
        0.19666124594,
        0.19733857194,
        0.19711131794,
        0.19684122294,
        0.19739538994000003,
        0.19756445694000002,
        0.19762933794,
        0.19687547694000002,
        0.19725063894000003,
        0.19537562094000002,
        0.19721808894,
        0.19985677694
      ],
      "memory_usage_byte": [
        195129344,
        195129344,
        195129344,
        195129344,
        195129344,
        195129344,
        195129344,
        195129344,
        195129344,
        195129344,
        195129344,
        195129344,
        195129344,
        195129344,
        195129344
      ],
      "exit_codes": [
        0,
        0,
        0,
        0,
        0,
        0,
        0,
        0,
        0,
        0,
        0,
        0,
        0,
        0,
        0
      ]
    }
  ]
}
