{
  "results": [
    {
      "command": "./bin/yuku_typescript",
      "mean": 0.028316866639999994,
      "stddev": 0.003281996118866917,
      "median": 0.027405261,
      "user": 0.025575289999999997,
      "system": 0.0019397900000000005,
      "min": 0.026442823,
      "max": 0.046907615,
      "times": [
        0.026631615,
        0.046907615,
        0.027950823,
        0.027214323000000002,
        0.027323365000000002,
        0.026886656000000002,
        0.026527657,
        0.026442823,
        0.026871115,
        0.028582905999999998,
        0.027043365,
        0.026831907000000002,
        0.026657531,
        0.027105615,
        0.027727198,
        0.026898074,
        0.027871073,
        0.035497157,
        0.027931448,
        0.030338365,
        0.030205365000000005,
        0.028110282,
        0.027710448000000002,
        0.027705115000000002,
        0.026950823000000002,
        0.026467699,
        0.026510074,
        0.045838198000000004,
        0.028052115000000002,
        0.027883907000000003,
        0.028085323000000002,
        0.029101115000000004,
        0.034518365,
        0.028153865,
        0.027535115000000002,
        0.027533032000000002,
        0.02733824,
        0.026854990000000002,
        0.030106115000000003,
        0.03391549,
        0.028131615,
        0.027517449000000003,
        0.027502949000000002,
        0.026804323,
        0.026682282,
        0.027435907000000002,
        0.027076907,
        0.026550199,
        0.027425907000000003,
        0.031162157000000003,
        0.032815782,
        0.027307948000000002,
        0.027059490000000002,
        0.027167448,
        0.026658532000000002,
        0.027687698,
        0.027797407,
        0.026829115,
        0.026747948,
        0.027068115,
        0.026660282,
        0.02675324,
        0.026683948000000002,
        0.026822407,
        0.02661749,
        0.029044073000000004,
        0.028153198000000004,
        0.02777549,
        0.027680574000000003,
        0.027943948,
        0.026897240000000003,
        0.026579323000000002,
        0.02650249,
        0.02653874,
        0.027114115,
        0.026510031,
        0.026771698,
        0.027048323000000003,
        0.028119657,
        0.027171157,
        0.02672199,
        0.026766323,
        0.029463990000000002,
        0.033105406000000004,
        0.03204799,
        0.027580282,
        0.027497365000000003,
        0.027384615,
        0.02689074,
        0.026822323000000002,
        0.027857323,
        0.037990406000000004,
        0.027840448,
        0.027646281,
        0.028170281,
        0.028696115,
        0.027455532,
        0.027099407000000002,
        0.026999615,
        0.027017323000000003
      ],
      "memory_usage_byte": [
        42549248,
        42549248,
        42549248,
        42549248,
        42549248,
        42549248,
        42549248,
        42549248,
        42549248,
        42549248,
        42549248,
        42549248,
        42549248,
        42549248,
        42549248,
        42549248,
        42549248,
        42549248,
        42549248,
        42549248,
        42549248,
        42549248,
        42549248,
        42549248,
        42549248,
        42549248,
        42549248,
        42549248,
        42549248,
        42549248,
        42549248,
        42549248,
        42565632,
        42565632,
        42565632,
        42565632,
        42565632,
        42565632,
        42565632,
        42565632,
        42565632,
        42565632,
        42565632,
        42565632,
        42565632,
        42565632,
        42565632,
        42565632,
        42565632,
        42565632,
        42565632,
        42565632,
        42565632,
        42565632,
        42565632,
        42565632,
        42565632,
        42565632,
        42565632,
        42565632,
        42565632,
        42565632,
        42565632,
        42565632,
        42565632,
        42565632,
        42565632,
        42565632,
        42565632,
        42565632,
        42565632,
        42565632,
        42565632,
        42565632,
        42565632,
        42565632,
        42565632,
        42565632,
        42565632,
        42565632,
        42565632,
        42565632,
        42565632,
        42565632,
        42565632,
        42565632,
        42565632,
        42565632,
        42565632,
        42565632,
        42565632,
        42565632,
        42565632,
        42565632,
        42565632,
        42565632,
        42565632,
        42565632,
        42565632,
        42565632
      ],
      "exit_codes": [
        0,
        0,
        0,
        0,
        0,
        0,
        0,
        0,
        0,
        0,
        0,
        0,
        0,
        0,
        0,
        0,
        0,
        0,
        0,
        0,
        0,
        0,
        0,
        0,
        0,
        0,
        0,
        0,
        0,
        0,
        0,
        0,
        0,
        0,
        0,
        0,
        0,
        0,
        0,
        0,
        0,
        0,
        0,
        0,
        0,
        0,
        0,
        0,
        0,
        0,
        0,
        0,
        0,
        0,
        0,
        0,
        0,
        0,
        0,
        0,
        0,
        0,
        0,
        0,
        0,
        0,
        0,
        0,
        0,
        0,
        0,
        0,
        0,
        0,
        0,
        0,
        0,
        0,
        0,
        0,
        0,
        0,
        0,
        0,
        0,
        0,
        0,
        0,
        0,
        0,
        0,
        0,
        0,
        0,
        0,
        0,
        0,
        0,
        0,
        0
      ]
    },
    {
      "command": "./bin/oxc_typescript",
      "mean": 0.02754424364705883,
      "stddev": 0.0025147486937824796,
      "median": 0.026696594,
      "user": 0.023831522745098033,
      "system": 0.0028362325490196077,
      "min": 0.025359906,
      "max": 0.03769799,