{
  "results": [
    {
      "command": "./bin/yuku_typescript",
      "mean": 0.07767208695473683,
      "stddev": 0.00041987407037030375,
      "median": 0.07758367806,
      "user": 0.06108941789473685,
      "system": 0.016514653684210522,
      "min": 0.07718993555999999,
      "max": 0.07869914356,
      "times": [
        0.07743121055999999,
        0.07762728056,
        0.07780287256,
        0.07774131656,
        0.07869914356,
        0.07793795656,
        0.07733126256,
        0.07840704256,
        0.07791650656,
        0.07795135255999999,
        0.07861088656,
        0.07749901856,
        0.07865558056,
        0.07757000256,
        0.07817367256,
        0.07735158156,
        0.07823500756,
        0.07719699956,
        0.07751285556,
        0.07765681656,
        0.07783404156,
        0.07765094556,
        0.07753324455999999,
        0.07742406856,
        0.07726051956,
        0.07775854856,
        0.07733391755999999,
        0.07727348356,
        0.07773171856,
        0.07759735356,
        0.07730711656,
        0.07736306256,
        0.07787863555999999,
        0.07723082356,
        0.07718993555999999,
        0.07730038456,
        0.07725435756,
        0.07730878056
      ],
      "memory_usage_byte": [
        41623552,
        41623552,
        41623552,
        41623552,
        41623552,
        41623552,
        41623552,
        41623552,
        41623552,
        41623552,
        41623552,
        41623552,
        41623552,
        41623552,
        41623552,
        41623552,
        41623552,
        41623552,
        41623552,
        41623552,
        41623552,
        41623552,
        41623552,
        41623552,
        41623552,
        41623552,
        41623552,
        41623552,
        41623552,
        41623552,
        41623552,
        41623552,
        41623552,
        41623552,
        41623552,
        41623552,
        41623552,
        41623552
      ],
      "exit_codes": [
        0,
        0,
        0,
        0,
        0,
        0,
        0,
        0,
        0,
        0,
        0,
        0,
        0,
        0,
        0,
        0,
        0,
        0,
        0,
        0,
        0,
        0,
        0,
        0,
        0,
        0,
        0,
        0,
        0,
        0,
        0,
        0,
        0,
        0,
        0,
        0,
        0,
        0
      ]
    },
    {
      "command": "./bin/oxc_typescript",
      "mean": 0.07724991632315788,
      "stddev": 0.0003841893362928032,
      "median": 0.07717803656,
      "user": 0.05397460210526315,
      "system": 0.02320631157894736,
      "min": 0.07648281956,
      "max": 0.07802350756,
      "times": [
        0.07672400456,
        0.07787793256,
        0.07752726055999999,
        0.07726572756,
        0.07754941356,
        0.07662151156,
        0.07690794256,
        0.07749362756,
        0.07726282256,
        0.07690932455999999,
        0.07733949656,
        0.07750395756,
        0.07740983956,
        0.07688990856,
        0.07693121656,
        0.07692727855999999,
        0.07760915556,
        0.07706041956,
        0.07737851056,
        0.07783924056,
        0.07802350756,
        0.07754030556,
        0.07772638656,
        0.07795085055999999,
        0.07704426956,
        0.07719387156,
        0.07707577856,
        0.07678056156,
        0.07696779556,
        0.07706372656,
        0.07750851556,
        0.07704402855999999,
        0.07776807556,
        0.07715002956,
        0.07684068656,
        0.07714481856,
        0.07716220156,
        0.07648281956
      ],
      "memory_usage_byte": [
        55398400,
        55398400,
        55398400,
        55398400,
        55398400,
        55398400,
        55398400,
        55398400,
        55398400,
        55398400,
        55398400,
        55398400,
        55398400,
        55398400,
        55398400,
        55398400,
        55398400,
        55398400,
        55398400,
        55398400,
        55398400,
        55398400,
        55398400,
        55398400,
        55398400,
        55398400,
        55398400,
        55398400,
        55398400,
        55398400,
        55398400,
        55398400,
        55398400,
        55398400,
        55398400,
        55398400,
        55398400,
        55398400
      ],
      "exit_codes": [
        0,
        0,
        0,
        0,
        0,
        0,
        0,
        0,
        0,
        0,
        0,
        0,
        0,
        0,
        0,
        0,
        0,
        0,
        0,
        0,
        0,
        0,
        0,
        0,
        0,
        0,
        0,
        0,
        0,
        0,
        0,
        0,
        0,
        0,
        0,
        0,
        0,
        0
      ]
    },
    {
      "command": "./bin/swc_typescript",
      "mean": 0.16967019197176472,
      "stddev": 0.0026614314455447445,
      "median": 0.16936282056000002,
      "user": 0.12965246588235294,
      "system": 0.03994479764705883,
      "min": 0.16682702956,
      "max": 0.17888649956000002,
      "times": [
        0.16936282056000002,
        0.16937031456,
        0.17888649956000002,
        0.16797464056000003,
        0.16703767356000002,
        0.16682702956,
        0.16792307556000002,
        0.16901571756000003,
        0.16971488756000003,
        0.16972665856000002,
        0.17002090456000002,
        0.16902520556000003,
        0.17093784456000002,
        0.16848165056000003,
        0.17028457256,
        0.17108272756,
        0.16872104056
      ],
      "memory_usage_byte": [
        94076928,
        94076928,
        94076928,
        94076928,
        94076928,
        94076928,
        94076928,
        94076928,
        94076928,
        94076928,
        94076928,
        94076928,
        94076928,
        94076928,
        94076928,
        94076928,
        94076928
      ],
      "exit_codes": [
        0,
        0,
        0,
        0,
        0,
        0,
        0,
        0,
        0,
        0,
        0,
        0,
        0,
        0,
        0,
        0,
        0
      ]
    },
    {
      "command": "./bin/jam_typescript",
      "mean": 0.19826518769333337,
      "stddev": 0.0005625079670624171,
      "median": 0.19804622356,
      "user": 0.11401236000000001,
      "system": 0.08417581333333332,
      "min": 0.19749878956000003,
      "max": 0.19930507956000001,
      "times": [
        0.19804622356,
        0.19842339556000002,
        0.19792105656000003,
        0.19787693356000002,
        0.19930507956000001,
        0.19797956756,
        0.19797268456000003,
        0.19809830156000002,
        0.19776867956000002,
        0.19898092656000002,
        0.19891590456000002,
        0.19749878956000003,
        0.19848573256000002,
        0.19765302056000003,
        0.19905151956000003
      ],
      "memory_usage_byte": [
        195129344,
        195129344,
        195129344,
        195129344,
        195129344,
        195129344,
        195129344,
        195129344,
        195129344,
        195129344,
        195129344,
        195129344,
        195129344,
        195129344,
        195129344
      ],
      "exit_codes": [
        0,
        0,
        0,
        0,
        0,
        0,
        0,
        0,
        0,
        0,
        0,
        0,
        0,
        0,
        0
      ]
    }
  ]
}
