{
  "results": [
    {
      "command": "./bin/yuku_typescript",
      "mean": 0.07684243485076922,
      "stddev": 0.0012937130504751255,
      "median": 0.07659728862000001,
      "user": 0.060788289743589734,
      "system": 0.01600982974358974,
      "min": 0.07589269662,
      "max": 0.08413976062,
      "times": [
        0.07589269662,
        0.07618332162000001,
        0.07646831662,
        0.07636899162,
        0.07717011362000001,
        0.07673990662,
        0.07663549162000001,
        0.07694338862000001,
        0.07663896762000001,
        0.07687749462,
        0.07681848462,
        0.07676435262,
        0.07681145162,
        0.07655448862,
        0.07638431962,
        0.07693102562000001,
        0.07621660462,
        0.07659728862000001,
        0.07690997462,
        0.07632022862,
        0.07617018662000001,
        0.07626130862000001,
        0.07765068562,
        0.07624041962,
        0.07623550062000001,
        0.07646561262000001,
        0.08413976062,
        0.07770930462,
        0.07660970262000001,
        0.07710761662,
        0.07684083562,
        0.07646012162,
        0.07641118962,
        0.07845456362,
        0.07626511562,
        0.07610814062,
        0.07667633762,
        0.07637441062,
        0.07644723762000001
      ],
      "memory_usage_byte": [
        41914368,
        41914368,
        41914368,
        41914368,
        41914368,
        41914368,
        41914368,
        41914368,
        41914368,
        41914368,
        41914368,
        41914368,
        41914368,
        41914368,
        41914368,
        41914368,
        41914368,
        41914368,
        41914368,
        41914368,
        41914368,
        41914368,
        41914368,
        41914368,
        41914368,
        41914368,
        41914368,
        41914368,
        41914368,
        41914368,
        41914368,
        41914368,
        41914368,
        41914368,
        41914368,
        41914368,
        41914368,
        41914368,
        41914368
      ],
      "exit_codes": [
        0,
        0,
        0,
        0,
        0,
        0,
        0,
        0,
        0,
        0,
        0,
        0,
        0,
        0,
        0,
        0,
        0,
        0,
        0,
        0,
        0,
        0,
        0,
        0,
        0,
        0,
        0,
        0,
        0,
        0,
        0,
        0,
        0,
        0,
        0,
        0,
        0,
        0,
        0
      ]
    },
    {
      "command": "./bin/oxc_typescript",
      "mean": 0.07803701227789472,
      "stddev": 0.0019690078685301354,
      "median": 0.07779060862,
      "user": 0.056198278947368424,
      "system": 0.021795108421052634,
      "min": 0.07672475362,
      "max": 0.08935408062000001,
      "times": [
        0.07721634562,
        0.07681651562000001,
        0.07689890062,
        0.07782935662000001,
        0.07793496362,
        0.07733395762,
        0.07672475362,
        0.07739976062000001,
        0.07750753262,
        0.07726789262,
        0.07676552962000001,
        0.08935408062000001,
        0.07843238762,
        0.07870972762,
        0.07804031162000001,
        0.07831599962,
        0.07787512162,
        0.07849995462,
        0.07728732862000001,
        0.07754731662,
        0.07793881162,
        0.07837368762000001,
        0.07768911362,
        0.07817254062000001,
        0.07779489162,
        0.07803791762000001,
        0.07886883662000001,
        0.07701403662,
        0.07746446162000001,
        0.07778632562,
        0.07763927962,
        0.07723538462,
        0.07875007362,
        0.07702514762000001,
        0.07832752062000001,
        0.07788117362000001,
        0.07796388962,
        0.07768563662000001
      ],
      "memory_usage_byte": [
        55443456,
        55443456,
        55443456,
        55443456,
        55443456,
        55443456,
        55443456,
        55443456,
        55443456,
        55443456,
        55443456,
        55443456,
        55443456,
        55443456,
        55443456,
        55443456,
        55443456,
        55443456,
        55443456,
        55443456,
        55443456,
        55443456,
        55443456,
        55443456,
        55443456,
        55443456,
        55443456,
        55443456,
        55443456,
        55443456,
        55443456,
        55443456,
        55443456,
        55443456,
        55443456,
        55443456,
        55443456,
        55443456
      ],
      "exit_codes": [
        0,
        0,
        0,
        0,
        0,
        0,
        0,
        0,
        0,
        0,
        0,
        0,
        0,
        0,
        0,
        0,
        0,
        0,
        0,
        0,
        0,
        0,
        0,
        0,
        0,
        0,
        0,
        0,
        0,
        0,
        0,
        0,
        0,
        0,
        0,
        0,
        0,
        0
      ]
    },
    {
      "command": "./bin/swc_typescript",
      "mean": 0.16460321006444448,
      "stddev": 0.0011579908119730578,
      "median": 0.16463849312,
      "user": 0.12345853333333331,
      "system": 0.04104607333333332,
      "min": 0.16231285262,
      "max": 0.16698265762,
      "times": [
        0.16231285262,
        0.16448083262000002,
        0.16552252762,
        0.16515250262,
        0.16363002562,
        0.16433670162,
        0.16388567262,
        0.16510186862,
        0.16539907562,
        0.16407328662,
        0.16614800162,
        0.16492549662,
        0.16281634862000002,
        0.16698265762,
        0.16561931862,
        0.16360860462000001,
        0.16479615362000002,
        0.16406585362
      ],
      "memory_usage_byte": [
        94081024,
        94081024,
        94081024,
        94081024,
        94081024,
        94081024,
        94081024,
        94081024,
        94081024,
        94081024,
        94081024,
        94081024,
        94081024,
        94081024,
        94081024,
        94081024,
        94081024,
        94081024
      ],
      "exit_codes": [
        0,
        0,
        0,
        0,
        0,
        0,
        0,
        0,
        0,
        0,
        0,
        0,
        0,
        0,
        0,
        0,
        0,
        0
      ]
    },
    {
      "command": "./bin/jam_typescript",
      "mean": 0.19784023262,
      "stddev": 0.0011738404371886672,
      "median": 0.19792825762000002,
      "user": 0.11161249999999999,
      "system": 0.08612610666666666,
      "min": 0.19452043262000002,
      "max": 0.19954275762,
      "times": [
        0.19797368262,
        0.19452043262000002,
        0.19812831362000002,
        0.19806628662,
        0.19723274762,
        0.19954275762,
        0.19778416962,
        0.19763033862,
        0.19948201262,
        0.19899467662,
        0.19792825762000002,
        0.19712632262000002,
        0.19743516162000002,
        0.19809142262,
        0.19766690662
      ],
      "memory_usage_byte": [
        195133440,
        195133440,
        195133440,
        195133440,
        195133440,
        195133440,
        195133440,
        195133440,
        195133440,
        195133440,
        195133440,
        195133440,
        195133440,
        195133440,
        195133440
      ],
      "exit_codes": [
        0,
        0,
        0,
        0,
        0,
        0,
        0,
        0,
        0,
        0,
        0,
        0,
        0,
        0,
        0
      ]
    }
  ]
}
