{
  "results": [
    {
      "command": "./bin/yuku_typescript",
      "mean": 0.07608303384102566,
      "stddev": 0.00037456457841770954,
      "median": 0.07597970820000001,
      "user": 0.0601515912820513,
      "system": 0.01590282666666666,
      "min": 0.0755001002,
      "max": 0.07730555920000001,
      "times": [
        0.0756809892,
        0.0758070752,
        0.0755591322,
        0.0759034152,
        0.0763889442,
        0.07588423920000001,
        0.07614185120000001,
        0.07676817320000001,
        0.0763171192,
        0.07604163320000001,
        0.07590865520000001,
        0.07596190420000001,
        0.0758927942,
        0.0763265862,
        0.0760516222,
        0.07730555920000001,
        0.0756882422,
        0.07556365920000001,
        0.0755001002,
        0.0758679782,
        0.07591772120000001,
        0.0764325552,
        0.0759810902,
        0.07597970820000001,
        0.07578093520000001,
        0.07596251520000001,
        0.07661298220000001,
        0.0768089502,
        0.07606389520000001,
        0.07607726020000001,
        0.0762656522,
        0.07586100520000001,
        0.0758385032,
        0.07590919520000002,
        0.07627146320000001,
        0.07590466720000001,
        0.0765031272,
        0.07601158720000001,
        0.0764958332
      ],
      "memory_usage_byte": [
        41762816,
        41762816,
        41762816,
        41762816,
        41762816,
        41762816,
        41762816,
        41762816,
        41762816,
        41762816,
        41762816,
        41762816,
        41762816,
        41762816,
        41762816,
        41762816,
        41762816,
        41762816,
        41762816,
        41762816,
        41762816,
        41762816,
        41762816,
        41762816,
        41762816,
        41762816,
        41762816,
        41762816,
        41762816,
        41762816,
        41762816,
        41762816,
        41762816,
        41762816,
        41762816,
        41762816,
        41762816,
        41762816,
        41762816
      ],
      "exit_codes": [
        0,
        0,
        0,
        0,
        0,
        0,
        0,
        0,
        0,
        0,
        0,
        0,
        0,
        0,
        0,
        0,
        0,
        0,
        0,
        0,
        0,
        0,
        0,
        0,
        0,
        0,
        0,
        0,
        0,
        0,
        0,
        0,
        0,
        0,
        0,
        0,
        0,
        0,
        0
      ]
    },
    {
      "command": "./bin/oxc_typescript",
      "mean": 0.07623901630256413,
      "stddev": 0.001677879018048723,
      "median": 0.07603657020000001,
      "user": 0.05467841179487179,
      "system": 0.02152131384615385,
      "min": 0.0746238562,
      "max": 0.0845940022,
      "times": [
        0.07517493820000001,
        0.07625364620000001,
        0.0750158902,
        0.07571876520000001,
        0.07517905520000001,
        0.0752490472,
        0.07910233720000001,
        0.0754415962,
        0.0749122962,
        0.0746238562,
        0.07489994320000001,
        0.0749927972,
        0.07549910420000001,
        0.0752584342,
        0.07480613720000001,
        0.0845940022,
        0.0763357102,
        0.07769422220000001,
        0.07603657020000001,
        0.07836860420000001,
        0.0761813912,
        0.0758317772,
        0.07627254220000002,
        0.0762114982,
        0.0761410262,
        0.0764318402,
        0.0777096812,
        0.07623798620000001,
        0.0761921512,
        0.0760821752,
        0.07586106220000001,
        0.07555587020000001,
        0.0761639382,
        0.0757903592,
        0.07577950920000001,
        0.0754083212,
        0.0763049412,
        0.07717217720000001,
        0.07683643520000001
      ],
      "memory_usage_byte": [
        55435264,
        55435264,
        55435264,
        55435264,
        55435264,
        55435264,
        55435264,
        55435264,
        55435264,
        55435264,
        55435264,
        55435264,
        55435264,
        55435264,
        55435264,
        55435264,
        55435264,
        55435264,
        55435264,
        55435264,
        55435264,
        55435264,
        55435264,
        55435264,
        55435264,
        55435264,
        55435264,
        55435264,
        55435264,
        55435264,
        55435264,
        55435264,
        55435264,
        55435264,
        55435264,
        55435264,
        55435264,
        55435264,
        55435264
      ],
      "exit_codes": [
        0,
        0,
        0,
        0,
        0,
        0,
        0,
        0,
        0,
        0,
        0,
        0,
        0,
        0,
        0,
        0,
        0,
        0,
        0,
        0,
        0,
        0,
        0,
        0,
        0,
        0,
        0,
        0,
        0,
        0,
        0,
        0,
        0,
        0,
        0,
        0,
        0,
        0,
        0
      ]
    },
    {
      "command": "./bin/swc_typescript",
      "mean": 0.16341933220000004,
      "stddev": 0.0007771784113391548,
      "median": 0.1633367102,
      "user": 0.12042048444444443,
      "system": 0.042928493333333324,
      "min": 0.1625892622,
      "max": 0.1648829142,
      "times": [
        0.1635117592,
        0.1634109392,
        0.1644783072,
        0.1629702652,
        0.1627473382,
        0.1626328942,
        0.1634471172,
        0.1646278072,
        0.1648829142,
        0.1627463362,
        0.1626016952,
        0.1626807732,
        0.1632624812,
        0.1627618752,
        0.1640351382,
        0.1637669362,
        0.1643941402,
        0.1625892622
      ],
      "memory_usage_byte": [
        94052352,
        94052352,
        94052352,
        94052352,
        94052352,
        94052352,
        94052352,
        94052352,
        94052352,
        94052352,
        94052352,
        94052352,
        94052352,
        94052352,
        94052352,
        94052352,
        94052352,
        94052352
      ],
      "exit_codes": [
        0,
        0,
        0,
        0,
        0,
        0,
        0,
        0,
        0,
        0,
        0,
        0,
        0,
        0,
        0,
        0,
        0,
        0
      ]
    },
    {
      "command": "./bin/jam_typescript",
      "mean": 0.19726841720000002,
      "stddev": 0.0011594496476795748,
      "median": 0.19709926120000001,
      "user": 0.11235480666666667,
      "system": 0.08481422666666667,
      "min": 0.1957907142,
      "max": 0.2008272882,
      "times": [
        0.1972313272,
        0.1972253762,
        0.19709926120000001,
        0.1971168562,
        0.1968370622,
        0.1970514032,
        0.2008272882,
        0.1983031952,
        0.1968730192,
        0.1965382132,
        0.1975480502,
        0.1966877522,
        0.1957907142,
        0.1977554802,
        0.1961412592
      ],
      "memory_usage_byte": [
        195112960,
        195112960,
        195112960,
        195112960,
        195112960,
        195112960,
        195112960,
        195112960,
        195112960,
        195112960,
        195112960,
        195112960,
        195112960,
        195112960,
        195112960
      ],
      "exit_codes": [
        0,
        0,
        0,
        0,
        0,
        0,
        0,
        0,
        0,
        0,
        0,
        0,
        0,
        0,
        0
      ]
    }
  ]
}
