{
  "results": [
    {
      "command": "./bin/yuku_typescript",
      "mean": 0.07827998568000002,
      "stddev": 0.0006654009407971374,
      "median": 0.07813343968,
      "user": 0.06086773789473685,
      "system": 0.017342850526315793,
      "min": 0.07778925818000001,
      "max": 0.08199804818,
      "times": [
        0.07800652018000001,
        0.07800486818,
        0.07824696018,
        0.07799710418000001,
        0.07799692318000001,
        0.07837133318,
        0.07813126418,
        0.07811937218000001,
        0.07840532618000001,
        0.07804179818000001,
        0.07816834418,
        0.07840063718000001,
        0.07825901418,
        0.07792776418000001,
        0.07795073918,
        0.07806269518,
        0.07811886118000001,
        0.07832343318000001,
        0.07826738918000001,
        0.07806843718,
        0.07859703418000001,
        0.07886101818,
        0.07815272518000001,
        0.08199804818,
        0.07783431218,
        0.07787039918000001,
        0.07803547818,
        0.07854650418,
        0.07868905918,
        0.07813561518,
        0.07778925818000001,
        0.07794297518000001,
        0.07831105318,
        0.07789806118,
        0.07826489618,
        0.07803008818000001,
        0.07843757918000001,
        0.07837656618000001
      ],
      "memory_usage_byte": [
        41623552,
        41623552,
        41623552,
        41623552,
        41623552,
        41623552,
        41623552,
        41623552,
        41623552,
        41623552,
        41623552,
        41623552,
        41623552,
        41623552,
        41623552,
        41623552,
        41623552,
        41623552,
        41623552,
        41623552,
        41623552,
        41623552,
        41623552,
        41623552,
        41623552,
        41623552,
        41623552,
        41623552,
        41623552,
        41623552,
        41623552,
        41623552,
        41623552,
        41623552,
        41623552,
        41623552,
        41623552,
        41623552
      ],
      "exit_codes": [
        0,
        0,
        0,
        0,
        0,
        0,
        0,
        0,
        0,
        0,
        0,
        0,
        0,
        0,
        0,
        0,
        0,
        0,
        0,
        0,
        0,
        0,
        0,
        0,
        0,
        0,
        0,
        0,
        0,
        0,
        0,
        0,
        0,
        0,
        0,
        0,
        0,
        0
      ]
    },
    {
      "command": "./bin/oxc_typescript",
      "mean": 0.07602405320564105,
      "stddev": 0.0005510185202543931,
      "median": 0.07596570318000001,
      "user": 0.0534993364102564,
      "system": 0.022478729743589745,
      "min": 0.07534870018,
      "max": 0.07732863818,
      "times": [
        0.07557863918,
        0.07596810718000001,
        0.07616543518,
        0.07556621718,
        0.07541400218000001,
        0.07675447518,
        0.07550424018000002,
        0.07537311618,
        0.07538821418000001,
        0.07562134018000001,
        0.07665004118,
        0.07686740718000001,
        0.07709720518,
        0.07662614618000001,
        0.07673305618000001,
        0.07732863818,
        0.07562872218000001,
        0.07619954918,
        0.07655506418000001,
        0.07596570318000001,
        0.07535669518,
        0.07607515718,
        0.07596945018000001,
        0.07547448518000001,
        0.07569799218,
        0.07596366918000001,
        0.07541600618000001,
        0.07534917218,
        0.07582148318000001,
        0.07534870018,
        0.07553894518000001,
        0.07564287018,
        0.07589537218,
        0.07640861018,
        0.07663616418000001,
        0.07661074718000001,
        0.07635196318000001,
        0.07607716118,
        0.07631811118000001
      ],
      "memory_usage_byte": [
        55398400,
        55398400,
        55398400,
        55398400,
        55398400,
        55398400,
        55398400,
        55398400,
        55398400,
        55398400,
        55398400,
        55398400,
        55398400,
        55398400,
        55398400,
        55398400,
        55398400,
        55398400,
        55398400,
        55398400,
        55398400,
        55398400,
        55398400,
        55398400,
        55398400,
        55398400,
        55398400,
        55398400,
        55398400,
        55398400,
        55398400,
        55398400,
        55398400,
        55398400,
        55398400,
        55398400,
        55398400,
        55398400,
        55398400
      ],
      "exit_codes": [
        0,
        0,
        0,
        0,
        0,
        0,
        0,
        0,
        0,
        0,
        0,
        0,
        0,
        0,
        0,
        0,
        0,
        0,
        0,
        0,
        0,
        0,
        0,
        0,
        0,
        0,
        0,
        0,
        0,
        0,
        0,
        0,
        0,
        0,
        0,
        0,
        0,
        0,
        0
      ]
    },
    {
      "command": "./bin/swc_typescript",
      "mean": 0.16518395112444442,
      "stddev": 0.003993392332138981,
      "median": 0.16429147018,
      "user": 0.12541713555555556,
      "system": 0.03969130666666667,
      "min": 0.16210578318,
      "max": 0.18046774818,
      "times": [
        0.16407655418,
        0.16450638618,
        0.16600446518,
        0.16296377818,
        0.16527769718,
        0.16648387718,
        0.16305658918,
        0.16357765218,
        0.16384351818,
        0.16472957318,
        0.16544741418,
        0.16562768118,
        0.16485198218,
        0.18046774818,
        0.16367876118,
        0.16210578318,
        0.16295925718,
        0.16365240218
      ],
      "memory_usage_byte": [
        94085120,
        94085120,
        94085120,
        94085120,
        94085120,
        94085120,
        94085120,
        94085120,
        94085120,
        94085120,
        94085120,
        94085120,
        94085120,
        94085120,
        94085120,
        94085120,
        94085120,
        94085120
      ],
      "exit_codes": [
        0,
        0,
        0,
        0,
        0,
        0,
        0,
        0,
        0,
        0,
        0,
        0,
        0,
        0,
        0,
        0,
        0,
        0
      ]
    },
    {
      "command": "./bin/jam_typescript",
      "mean": 0.19715251771333334,
      "stddev": 0.0010938521184091872,
      "median": 0.19687073718,
      "user": 0.11233221333333332,
      "system": 0.08473267333333333,
      "min": 0.19574533318,
      "max": 0.20007598518,
      "times": [
        0.19707696118,
        0.20007598518,
        0.19687073718,
        0.19681928018,
        0.19652114318,
        0.19753488618,
        0.19657011418,
        0.19620786718,
        0.19775518818,
        0.19824995318,
        0.19710642618,
        0.19574533318,
        0.19601363418,
        0.19656690818,
        0.19817334818000001
      ],
      "memory_usage_byte": [
        195129344,
        195129344,
        195129344,
        195129344,
        195129344,
        195129344,
        195129344,
        195129344,
        195129344,
        195129344,
        195129344,
        195129344,
        195129344,
        195129344,
        195129344
      ],
      "exit_codes": [
        0,
        0,
        0,
        0,
        0,
        0,
        0,
        0,
        0,
        0,
        0,
        0,
        0,
        0,
        0
      ]
    }
  ]
}
